
 RUN  v4.1.11 /home/nathaniel/.local/state/openplan/land-use-plan-kinds-20261007/openplan

 ❯ src/test/land-use-implementation-report-custody.test.tsx (41 tests | 37 failed) 2299ms
     × reads the adopted edition and exact saved statuses 36ms
     × reads the superseded edition and exact saved statuses 7ms
     × reads the repealed edition and exact saved statuses 6ms
     × discloses absent legacy context without using current context 119ms
     × uses saved reporting dates for an absent summary and distinguishes no actions 4ms
     × withholds wrong kind without substituting live values 71ms
     × withholds wrong artifact plan without substituting live values 74ms
     × withholds missing snapshot without substituting live values 54ms
     × withholds invalid content hash without substituting live values 65ms
     × withholds changed artifact hash without substituting live values 67ms
     × withholds wrong snapshot plan without substituting live values 66ms
     × withholds wrong snapshot version without substituting live values 66ms
     × withholds wrong adopted hash without substituting live values 64ms
     × withholds changed artifact action without substituting live values 63ms
     × withholds changed artifact owner without substituting live values 65ms
     × withholds changed artifact summary without substituting live values 66ms
     × withholds changed reporting start without substituting live values 62ms
     × withholds changed reporting end without substituting live values 61ms
     × withholds inverted reporting dates without substituting live values 61ms
     × withholds invalid status without substituting live values 62ms
     × withholds invalid update time without substituting live values 63ms
     × withholds missing actions without substituting live values 47ms
     × withholds private extra field without substituting live values 64ms
     × withholds unreadable register without substituting live values 63ms
     × withholds missing register without substituting live values 63ms
     × withholds wrong registered report without substituting live values 62ms
     × withholds wrong registered plan without substituting live values 62ms
     × withholds wrong registered workspace without substituting live values 66ms
     × withholds wrong native version without substituting live values 59ms
     × withholds wrong native plan without substituting live values 59ms
     × withholds wrong native workspace without substituting live values 60ms
     × withholds unadopted version without substituting live values 62ms
     × withholds unreadable version without substituting live values 60ms
     × withholds missing version without substituting live values 60ms
     × withholds changed native snapshot without substituting live values 60ms
     × withholds wrong native version number without substituting live values 60ms
     × withholds invalid frozen context without substituting live values 60ms

⎯⎯⎯⎯⎯⎯ Failed Tests 37 ⎯⎯⎯⎯⎯⎯⎯

 FAIL  src/test/land-use-implementation-report-custody.test.tsx > implementation report retains verified history > reads the adopted edition and exact saved statuses
 FAIL  src/test/land-use-implementation-report-custody.test.tsx > implementation report retains verified history > reads the superseded edition and exact saved statuses
 FAIL  src/test/land-use-implementation-report-custody.test.tsx > implementation report retains verified history > reads the repealed edition and exact saved statuses
TestingLibraryElementError: Unable to find an element with the text: SYNTHETIC adopted title. This could be because the text is broken up by multiple elements. In this case, you can provide a function for your text matcher to make your matcher more flexible.

Ignored nodes: comments, script, style
[36m<body>[39m
  [36m<div>[39m
    [36m<div[39m
      [33mclass[39m=[32m"mx-auto min-w-0 w-full max-w-4xl [overflow-wrap:anywhere] p-5 md:p-10 print:max-w-none print:p-0"[39m
    [36m>[39m
      [36m<header[39m
        [33mclass[39m=[32m"border-b pb-7"[39m
      [36m>[39m
        [36m<p[39m
          [33mclass[39m=[32m"text-sm font-semibold uppercase tracking-wide text-muted-foreground"[39m
        [36m>[39m
          [0mImplementation report[0m
        [36m</p>[39m
        [36m<h1[39m
          [33mclass[39m=[32m"mt-2 text-4xl font-semibold"[39m
        [36m>[39m
          [0mSYNTHETIC implementation report[0m
        [36m</h1>[39m
        [36m<p[39m
          [33mclass[39m=[32m"mt-3 text-lg"[39m
        [36m>[39m
          [0mSYNTHETIC later title[0m
        [36m</p>[39m
        [36m<p[39m
          [33mclass[39m=[32m"mt-1 text-muted-foreground"[39m
        [36m>[39m
          [0mSYNTHETIC later authority[0m
          [0m · [0m
          [0mSYNTHETIC later geography[0m
        [36m</p>[39m
        [36m<p[39m
          [33mclass[39m=[32m"mt-4"[39m
        [36m>[39m
          [0mSYNTHETIC later report summary[0m
        [36m</p>[39m
        [36m<div[39m
          [33mclass[39m=[32m"mt-5 flex flex-wrap gap-3 print:hidden"[39m
        [36m>[39m
          [36m<button[39m
            [33mclass[39m=[32m"inline-flex items-center justify-center gap-2 whitespace-nowrap border text-sm font-semibold transition-all duration-200 disabled:pointer-events-none disabled:opacity-50 [&_svg]:pointer-events-none [&_svg:not([class*='size-'])]:size-4 shrink-0 [&_svg]:shrink-0 outline-none focus-visible:outline-none focus-visible:ring-3 focus-visible:ring-offset-2 focus-visible:ring-offset-background border-primary/12 bg-primary text-primary-foreground hover:bg-[color:var(--pine-deep)] focus-visible:ring-[color:var(--focus-ring-light)]/45 h-10 px-4.5 py-2 has-[>svg]:px-3.5"[39m
            [33mdata-size[39m=[32m"default"[39m
            [33mdata-slot[39m=[32m"button"[39m
            [33mdata-variant[39m=[32m"default"[39m
          [36m>[39m
            [0mPrint report[0m
          [36m</button>[39m
          [36m<a[39m
            [33mclass[39m=[32m"inline-flex items-center justify-center gap-2 whitespace-nowrap border text-sm font-semibold transition-all duration-200 disabled:pointer-events-none disabled:opacity-50 [&_svg]:pointer-events-none [&_svg:not([class*='size-'])]:size-4 shrink-0 [&_svg]:shrink-0 outline-none focus-visible:outline-none focus-visible:ring-3 focus-visible:ring-offset-2 focus-visible:ring-offset-background border-[color:color-mix(in_srgb,var(--line)_84%,var(--ink)_16%)] bg-background text-[color:var(--ink)] hover:border-[color:var(--pine)] hover:bg-[color:color-mix(in_srgb,var(--pine)_8%,var(--background))] hover:text-[color:var(--pine-deep)] focus-visible:ring-[color:var(--focus-ring-light)]/45 h-10 px-4.5 py-2 has-[>svg]:px-3.5"[39m
            [33mdata-size[39m=[32m"default"[39m
            [33mdata-slot[39m=[32m"button"[39m
            [33mdata-variant[39m=[32m"outline"[39m
            [33mdownload[39m=[32m"openplan-report-23000000-0000-4000-8000-000000000003-provenance.json"[39m
            [33mhref[39m=[32m"/api/reports/23000000-0000-4000-8000-000000000003/provenance"[39m
          [36m>[39m
            [0mDownload source JSON[0m
          [36m</a>[39m
          [36m<a[39m
            [33mclass[39m=[32m"inline-flex items-center justify-center gap-2 whitespace-nowrap border text-sm font-semibold transition-all duration-200 disabled:pointer-events-none disabled:opacity-50 [&_svg]:pointer-events-none [&_svg:not([class*='size-'])]:size-4 shrink-0 [&_svg]:shrink-0 outline-none focus-visible:outline-none focus-visible:ring-3 focus-visible:ring-offset-2 focus-visible:ring-offset-background border-[color:color-mix(in_srgb,var(--line)_84%,var(--ink)_16%)] bg-background text-[color:var(--ink)] hover:border-[color:var(--pine)] hover:bg-[color:color-mix(in_srgb,var(--pine)_8%,var(--background))] hover:text-[color:var(--pine-deep)] focus-visible:ring-[color:var(--focus-ring-light)]/45 h-10 px-4.5 py-2 has-[>svg]:px-3.5"[39m
            [33mdata-size[39m=[32m"default"[39m
            [33mdata-slot[39m=[32m"button"[39m
            [33mdata-variant[39m=[32m"outline"[39m
            [33mhref[39m=[32m"/land-use-plans/23000000-0000-4000-8000-000000000001"[39m
          [36m>[39m
            [0mOpen plan workbench[0m
          [36m</a>[39m
        [36m</div>[39m
      [36m</header>[39m
      [36m<section[39m
        [33mclass[39m=[32m"mt-8"[39m
      [36m>[39m
        [36m<h2[39m
          [33mclass[39m=[32m"text-2xl font-semibold"[39m
        [36m>[39m
          [0mReporting period[0m
        [36m</h2>[39m
        [36m<p[39m
          [33mclass[39m=[32m"mt-2"[39m
        [36m>[39m
          [0m2026-01-01[0m
          [0m through [0m
          [0m2026-09-30[0m
        [36m</p>[39m
        [36m<p[39m
          [33mclass[39m=[32m"mt-2 break-all text-xs text-muted-foreground"[39m
        [36m>[39m
          [0mAdopted plan hash: [0m
          [0m9e0fff784858b8d8ee2b58d6bd2d1b96fcdd221c31de97d2d858542eef5bdf05[0m
        [36m</p>[39m
      [36m</section>[39m
      [36m<section[39m
        [33mclass[39m=[32m"mt-9 border-t pt-7"[39m
      [36m>[39m
        [36m<h2[39m
          [33mclass[39m=[32m"text-2xl font-semibold"[39m
        [36m>[39m
          [0mFrozen action-status snapshot[0m
        [36m</h2>[39m
        [36m<article[39m
          [33mclass[39m=[32m"mt-4 rounded-lg border p-4"[39m
        [36m>[39m
          [36m<h3[39m
            [33mclass[39m=[32m"font-semibold"[39m
          [36m>[39m
            [0mSYNTHETIC saved action[0m
          [36m</h3>[39m
          [36m<p[39m
            [33mclass[39m=[32m"mt-1 text-sm"[39m
          [36m>[39m
            [0mStatus: [0m
            [0mcompleted[0m
            [0m · due 2026-12-01[0m
          [36m</p>[39m
          [36m<p[39m
            [33mclass[39m=[32m"mt-2"[39m
          [36m>[39m
            [0mRetained implementation detail[0m
          [36m</p>[39m
          [36m<dl[39m
            [33mclass[39m=[32m"mt-3 grid gap-3 text-sm sm:grid-cols-2"[39m
          [36m>[39m
            [36m<div>[39m
              [36m<dt[39m
                [33mclass[39m=[32m"text-muted-foreground"[39m
              [36m>[39m
                [0mResponsible party at reporting[0m
              [36m</dt>[39m
              [36m<dd>[39m
                [0mSYNTHETIC responsible team[0m
              [36m</dd>[39m
            [36m</div>[39m
            [36m<div>[39m
              [36m<dt[39m
                [33mclass[39m=[32m"text-muted-foreground"[39m
              [36m>[39m
                [0mLast action update retained[0m
              [36m</dt>[39m
              [36m<dd>[39m
                [0m2026-09-29T12:34:56+00:00[0m
              [36m</dd>[39m
            [36m</div>[39m
          [36m</dl>[39m
        [36m</article>[39m
      [36m</section>[39m
      [36m<footer[39m
        [33mclass[39m=[32m"mt-10 border-t pt-5 text-xs text-muted-foreground"[39m
      [36m>[39m
        [36m<p>[39m
          [0mGenerated [0m
          [0m2026-10-07[0m
          [0m. Consultation details, confidential notes, and sensitive-location flags are not part of this report.[0m
        [36m</p>[39m
        [36m<p[39m
          [33mclass[39m=[32m"mt-2 break-all"[39m
        [36m>[39m
          [0mReport ID [0m
          [0m23000000-0000-4000-8000-000000000003[0m
        [36m</p>[39m
      [36m</footer>[39m
    [36m</div>[39m
  [36m</div>[39m
[36m</body>[39m
 ❯ Object.getElementError ../../land-use-plan-context-20261007/openplan/node_modules/@testing-library/dom/dist/config.js:37:19
 ❯ ../../land-use-plan-context-20261007/openplan/node_modules/@testing-library/dom/dist/query-helpers.js:76:38
 ❯ ../../land-use-plan-context-20261007/openplan/node_modules/@testing-library/dom/dist/query-helpers.js:52:17
 ❯ ../../land-use-plan-context-20261007/openplan/node_modules/@testing-library/dom/dist/query-helpers.js:95:19
 ❯ src/test/land-use-implementation-report-custody.test.tsx:66:346


⎯⎯⎯⎯⎯⎯⎯⎯⎯⎯⎯⎯⎯⎯⎯⎯⎯⎯⎯⎯⎯⎯⎯[1/37]⎯

 FAIL  src/test/land-use-implementation-report-custody.test.tsx > implementation report retains verified history > discloses absent legacy context without using current context
TestingLibraryElementError: Unable to find an accessible element with the role "region" and name "Context not retained with this version"

Here are the accessible roles:

  banner:

  Name "":
  [36m<header[39m
    [33mclass[39m=[32m"border-b pb-7"[39m
  [36m/>[39m

  --------------------------------------------------
  paragraph:

  Name "":
  [36m<p[39m
    [33mclass[39m=[32m"text-sm font-semibold uppercase tracking-wide text-muted-foreground"[39m
  [36m/>[39m

  Name "":
  [36m<p[39m
    [33mclass[39m=[32m"mt-3 text-lg"[39m
  [36m/>[39m

  Name "":
  [36m<p[39m
    [33mclass[39m=[32m"mt-1 text-muted-foreground"[39m
  [36m/>[39m

  Name "":
  [36m<p[39m
    [33mclass[39m=[32m"mt-4"[39m
  [36m/>[39m

  Name "":
  [36m<p[39m
    [33mclass[39m=[32m"mt-2"[39m
  [36m/>[39m

  Name "":
  [36m<p[39m
    [33mclass[39m=[32m"mt-2 break-all text-xs text-muted-foreground"[39m
  [36m/>[39m

  Name "":
  [36m<p[39m
    [33mclass[39m=[32m"mt-1 text-sm"[39m
  [36m/>[39m

  Name "":
  [36m<p[39m
    [33mclass[39m=[32m"mt-2"[39m
  [36m/>[39m

  Name "":
  [36m<p />[39m

  Name "":
  [36m<p[39m
    [33mclass[39m=[32m"mt-2 break-all"[39m
  [36m/>[39m

  --------------------------------------------------
  heading:

  Name "SYNTHETIC implementation report":
  [36m<h1[39m
    [33mclass[39m=[32m"mt-2 text-4xl font-semibold"[39m
  [36m/>[39m

  Name "Reporting period":
  [36m<h2[39m
    [33mclass[39m=[32m"text-2xl font-semibold"[39m
  [36m/>[39m

  Name "Frozen action-status snapshot":
  [36m<h2[39m
    [33mclass[39m=[32m"text-2xl font-semibold"[39m
  [36m/>[39m

  Name "SYNTHETIC saved action":
  [36m<h3[39m
    [33mclass[39m=[32m"font-semibold"[39m
  [36m/>[39m

  --------------------------------------------------
  button:

  Name "Print report":
  [36m<button[39m
    [33mclass[39m=[32m"inline-flex items-center justify-center gap-2 whitespace-nowrap border text-sm font-semibold transition-all duration-200 disabled:pointer-events-none disabled:opacity-50 [&_svg]:pointer-events-none [&_svg:not([class*='size-'])]:size-4 shrink-0 [&_svg]:shrink-0 outline-none focus-visible:outline-none focus-visible:ring-3 focus-visible:ring-offset-2 focus-visible:ring-offset-background border-primary/12 bg-primary text-primary-foreground hover:bg-[color:var(--pine-deep)] focus-visible:ring-[color:var(--focus-ring-light)]/45 h-10 px-4.5 py-2 has-[>svg]:px-3.5"[39m
    [33mdata-size[39m=[32m"default"[39m
    [33mdata-slot[39m=[32m"button"[39m
    [33mdata-variant[39m=[32m"default"[39m
  [36m/>[39m

  --------------------------------------------------
  link:

  Name "Download source JSON":
  [36m<a[39m
    [33mclass[39m=[32m"inline-flex items-center justify-center gap-2 whitespace-nowrap border text-sm font-semibold transition-all duration-200 disabled:pointer-events-none disabled:opacity-50 [&_svg]:pointer-events-none [&_svg:not([class*='size-'])]:size-4 shrink-0 [&_svg]:shrink-0 outline-none focus-visible:outline-none focus-visible:ring-3 focus-visible:ring-offset-2 focus-visible:ring-offset-background border-[color:color-mix(in_srgb,var(--line)_84%,var(--ink)_16%)] bg-background text-[color:var(--ink)] hover:border-[color:var(--pine)] hover:bg-[color:color-mix(in_srgb,var(--pine)_8%,var(--background))] hover:text-[color:var(--pine-deep)] focus-visible:ring-[color:var(--focus-ring-light)]/45 h-10 px-4.5 py-2 has-[>svg]:px-3.5"[39m
    [33mdata-size[39m=[32m"default"[39m
    [33mdata-slot[39m=[32m"button"[39m
    [33mdata-variant[39m=[32m"outline"[39m
    [33mdownload[39m=[32m"openplan-report-23000000-0000-4000-8000-000000000003-provenance.json"[39m
    [33mhref[39m=[32m"/api/reports/23000000-0000-4000-8000-000000000003/provenance"[39m
  [36m/>[39m

  Name "Open plan workbench":
  [36m<a[39m
    [33mclass[39m=[32m"inline-flex items-center justify-center gap-2 whitespace-nowrap border text-sm font-semibold transition-all duration-200 disabled:pointer-events-none disabled:opacity-50 [&_svg]:pointer-events-none [&_svg:not([class*='size-'])]:size-4 shrink-0 [&_svg]:shrink-0 outline-none focus-visible:outline-none focus-visible:ring-3 focus-visible:ring-offset-2 focus-visible:ring-offset-background border-[color:color-mix(in_srgb,var(--line)_84%,var(--ink)_16%)] bg-background text-[color:var(--ink)] hover:border-[color:var(--pine)] hover:bg-[color:color-mix(in_srgb,var(--pine)_8%,var(--background))] hover:text-[color:var(--pine-deep)] focus-visible:ring-[color:var(--focus-ring-light)]/45 h-10 px-4.5 py-2 has-[>svg]:px-3.5"[39m
    [33mdata-size[39m=[32m"default"[39m
    [33mdata-slot[39m=[32m"button"[39m
    [33mdata-variant[39m=[32m"outline"[39m
    [33mhref[39m=[32m"/land-use-plans/23000000-0000-4000-8000-000000000001"[39m
  [36m/>[39m

  --------------------------------------------------
  article:

  Name "":
  [36m<article[39m
    [33mclass[39m=[32m"mt-4 rounded-lg border p-4"[39m
  [36m/>[39m

  --------------------------------------------------
  term:

  Name "":
  [36m<dt[39m
    [33mclass[39m=[32m"text-muted-foreground"[39m
  [36m/>[39m

  Name "":
  [36m<dt[39m
    [33mclass[39m=[32m"text-muted-foreground"[39m
  [36m/>[39m

  --------------------------------------------------
  definition:

  Name "":
  [36m<dd />[39m

  Name "":
  [36m<dd />[39m

  --------------------------------------------------
  contentinfo:

  Name "":
  [36m<footer[39m
    [33mclass[39m=[32m"mt-10 border-t pt-5 text-xs text-muted-foreground"[39m
  [36m/>[39m

  --------------------------------------------------

Ignored nodes: comments, script, style
[36m<body>[39m
  [36m<div>[39m
    [36m<div[39m
      [33mclass[39m=[32m"mx-auto min-w-0 w-full max-w-4xl [overflow-wrap:anywhere] p-5 md:p-10 print:max-w-none print:p-0"[39m
    [36m>[39m
      [36m<header[39m
        [33mclass[39m=[32m"border-b pb-7"[39m
      [36m>[39m
        [36m<p[39m
          [33mclass[39m=[32m"text-sm font-semibold uppercase tracking-wide text-muted-foreground"[39m
        [36m>[39m
          [0mImplementation report[0m
        [36m</p>[39m
        [36m<h1[39m
          [33mclass[39m=[32m"mt-2 text-4xl font-semibold"[39m
        [36m>[39m
          [0mSYNTHETIC implementation report[0m
        [36m</h1>[39m
        [36m<p[39m
          [33mclass[39m=[32m"mt-3 text-lg"[39m
        [36m>[39m
          [0mSYNTHETIC later title[0m
        [36m</p>[39m
        [36m<p[39m
          [33mclass[39m=[32m"mt-1 text-muted-foreground"[39m
        [36m>[39m
          [0mSYNTHETIC later authority[0m
          [0m · [0m
          [0mSYNTHETIC later geography[0m
        [36m</p>[39m
        [36m<p[39m
          [33mclass[39m=[32m"mt-4"[39m
        [36m>[39m
          [0mSYNTHETIC later report summary[0m
        [36m</p>[39m
        [36m<div[39m
          [33mclass[39m=[32m"mt-5 flex flex-wrap gap-3 print:hidden"[39m
        [36m>[39m
          [36m<button[39m
            [33mclass[39m=[32m"inline-flex items-center justify-center gap-2 whitespace-nowrap border text-sm font-semibold transition-all duration-200 disabled:pointer-events-none disabled:opacity-50 [&_svg]:pointer-events-none [&_svg:not([class*='size-'])]:size-4 shrink-0 [&_svg]:shrink-0 outline-none focus-visible:outline-none focus-visible:ring-3 focus-visible:ring-offset-2 focus-visible:ring-offset-background border-primary/12 bg-primary text-primary-foreground hover:bg-[color:var(--pine-deep)] focus-visible:ring-[color:var(--focus-ring-light)]/45 h-10 px-4.5 py-2 has-[>svg]:px-3.5"[39m
            [33mdata-size[39m=[32m"default"[39m
            [33mdata-slot[39m=[32m"button"[39m
            [33mdata-variant[39m=[32m"default"[39m
          [36m>[39m
            [0mPrint report[0m
          [36m</button>[39m
          [36m<a[39m
            [33mclass[39m=[32m"inline-flex items-center justify-center gap-2 whitespace-nowrap border text-sm font-semibold transition-all duration-200 disabled:pointer-events-none disabled:opacity-50 [&_svg]:pointer-events-none [&_svg:not([class*='size-'])]:size-4 shrink-0 [&_svg]:shrink-0 outline-none focus-visible:outline-none focus-visible:ring-3 focus-visible:ring-offset-2 focus-visible:ring-offset-background border-[color:color-mix(in_srgb,var(--line)_84%,var(--ink)_16%)] bg-background text-[color:var(--ink)] hover:border-[color:var(--pine)] hover:bg-[color:color-mix(in_srgb,var(--pine)_8%,var(--background))] hover:text-[color:var(--pine-deep)] focus-visible:ring-[color:var(--focus-ring-light)]/45 h-10 px-4.5 py-2 has-[>svg]:px-3.5"[39m
            [33mdata-size[39m=[32m"default"[39m
            [33mdata-slot[39m=[32m"button"[39m
            [33mdata-variant[39m=[32m"outline"[39m
            [33mdownload[39m=[32m"openplan-report-23000000-0000-4000-8000-000000000003-provenance.json"[39m
            [33mhref[39m=[32m"/api/reports/23000000-0000-4000-8000-000000000003/provenance"[39m
          [36m>[39m
            [0mDownload source JSON[0m
          [36m</a>[39m
          [36m<a[39m
            [33mclass[39m=[32m"inline-flex items-center justify-center gap-2 whitespace-nowrap border text-sm font-semibold transition-all duration-200 disabled:pointer-events-none disabled:opacity-50 [&_svg]:pointer-events-none [&_svg:not([class*='size-'])]:size-4 shrink-0 [&_svg]:shrink-0 outline-none focus-visible:outline-none focus-visible:ring-3 focus-visible:ring-offset-2 focus-visible:ring-offset-background border-[color:color-mix(in_srgb,var(--line)_84%,var(--ink)_16%)] bg-background text-[color:var(--ink)] hover:border-[color:var(--pine)] hover:bg-[color:color-mix(in_srgb,var(--pine)_8%,var(--background))] hover:text-[color:var(--pine-deep)] focus-visible:ring-[color:var(--focus-ring-light)]/45 h-10 px-4.5 py-2 has-[>svg]:px-3.5"[39m
            [33mdata-size[39m=[32m"default"[39m
            [33mdata-slot[39m=[32m"button"[39m
            [33mdata-variant[39m=[32m"outline"[39m
            [33mhref[39m=[32m"/land-use-plans/23000000-0000-4000-8000-000000000001"[39m
          [36m>[39m
            [0mOpen plan workbench[0m
          [36m</a>[39m
        [36m</div>[39m
      [36m</header>[39m
      [36m<section[39m
        [33mclass[39m=[32m"mt-8"[39m
      [36m>[39m
        [36m<h2[39m
          [33mclass[39m=[32m"text-2xl font-semibold"[39m
        [36m>[39m
          [0mReporting period[0m
        [36m</h2>[39m
        [36m<p[39m
          [33mclass[39m=[32m"mt-2"[39m
        [36m>[39m
          [0m2026-01-01[0m
          [0m through [0m
          [0m2026-09-30[0m
        [36m</p>[39m
        [36m<p[39m
          [33mclass[39m=[32m"mt-2 break-all text-xs text-muted-foreground"[39m
        [36m>[39m
          [0mAdopted plan hash: [0m
          [0m567fe00ef75a2aa11dae976d27d48e58fbadd2c327d5ce5b37a226f36c09dcc4[0m
        [36m</p>[39m
      [36m</section>[39m
      [36m<section[39m
        [33mclass[39m=[32m"mt-9 border-t pt-7"[39m
      [36m>[39m
        [36m<h2[39m
          [33mclass[39m=[32m"text-2xl font-semibold"[39m
        [36m>[39m
          [0mFrozen action-status snapshot[0m
        [36m</h2>[39m
        [36m<article[39m
          [33mclass[39m=[32m"mt-4 rounded-lg border p-4"[39m
        [36m>[39m
          [36m<h3[39m
            [33mclass[39m=[32m"font-semibold"[39m
          [36m>[39m
            [0mSYNTHETIC saved action[0m
          [36m</h3>[39m
          [36m<p[39m
            [33mclass[39m=[32m"mt-1 text-sm"[39m
          [36m>[39m
            [0mStatus: [0m
            [0mcompleted[0m
            [0m · due 2026-12-01[0m
          [36m</p>[39m
          [36m<p[39m
            [33mclass[39m=[32m"mt-2"[39m
          [36m>[39m
            [0mRetained implementation detail[0m
          [36m</p>[39m
          [36m<dl[39m
            [33mclass[39m=[32m"mt-3 grid gap-3 text-sm sm:grid-cols-2"[39m
          [36m>[39m
            [36m<div>[39m
              [36m<dt[39m
                [33mclass[39m=[32m"text-muted-foreground"[39m
              [36m>[39m
                [0mResponsible party at reporting[0m
              [36m</dt>[39m
              [36m<dd>[39m
                [0mSYNTHETIC responsible team[0m
              [36m</dd>[39m
            [36m</div>[39m
            [36m<div>[39m
              [36m<dt[39m
                [33mclass[39m=[32m"text-muted-foreground"[39m
              [36m>[39m
                [0mLast action update retained[0m
              [36m</dt>[39m
              [36m<dd>[39m
                [0m2026-09-29T12:34:56+00:00[0m
              [36m</dd>[39m
            [36m</div>[39m
          [36m</dl>[39m
        [36m</article>[39m
      [36m</section>[39m
      [36m<footer[39m
        [33mclass[39m=[32m"mt-10 border-t pt-5 text-xs text-muted-foreground"[39m
      [36m>[39m
        [36m<p>[39m
          [0mGenerated [0m
          [0m2026-10-07[0m
          [0m. Consultation details, confidential notes, and sensitive-location flags are not part of this report.[0m
        [36m</p>[39m
        [36m<p[39m
          [33mclass[39m=[32m"mt-2 break-all"[39m
        [36m>[39m
          [0mReport ID [0m
          [0m23000000-0000-4000-8000-000000000003[0m
        [36m</p>[39m
      [36m</footer>[39m
    [36m</div>[39m
  [36m</div>[39m
[36m</body>[39m
 ❯ Object.getElementError ../../land-use-plan-context-20261007/openplan/node_modules/@testing-library/dom/dist/config.js:37:19
 ❯ ../../land-use-plan-context-20261007/openplan/node_modules/@testing-library/dom/dist/query-helpers.js:76:38
 ❯ ../../land-use-plan-context-20261007/openplan/node_modules/@testing-library/dom/dist/query-helpers.js:52:17
 ❯ ../../land-use-plan-context-20261007/openplan/node_modules/@testing-library/dom/dist/query-helpers.js:95:19
 ❯ src/test/land-use-implementation-report-custody.test.tsx:82:33
     80|   it("discloses absent legacy context without using current context", …
     81|     delete frozen.planContext; version().content_hash = hashFrozenReco…
     82|     await show(); expect(screen.getByRole("region", { name: "Context n…
       |                                 ^
     83|     expect(screen.queryByText(syntheticPlanContext().place.label)).toB…
     84|   });

⎯⎯⎯⎯⎯⎯⎯⎯⎯⎯⎯⎯⎯⎯⎯⎯⎯⎯⎯⎯⎯⎯⎯[2/37]⎯

 FAIL  src/test/land-use-implementation-report-custody.test.tsx > implementation report retains verified history > uses saved reporting dates for an absent summary and distinguishes no actions
TestingLibraryElementError: Unable to find an element with the text: Implementation status for 2026-01-01 through 2026-09-30.. This could be because the text is broken up by multiple elements. In this case, you can provide a function for your text matcher to make your matcher more flexible.

Ignored nodes: comments, script, style
[36m<body>[39m
  [36m<div>[39m
    [36m<div[39m
      [33mclass[39m=[32m"mx-auto min-w-0 w-full max-w-4xl [overflow-wrap:anywhere] p-5 md:p-10 print:max-w-none print:p-0"[39m
    [36m>[39m
      [36m<header[39m
        [33mclass[39m=[32m"border-b pb-7"[39m
      [36m>[39m
        [36m<p[39m
          [33mclass[39m=[32m"text-sm font-semibold uppercase tracking-wide text-muted-foreground"[39m
        [36m>[39m
          [0mImplementation report[0m
        [36m</p>[39m
        [36m<h1[39m
          [33mclass[39m=[32m"mt-2 text-4xl font-semibold"[39m
        [36m>[39m
          [0mSYNTHETIC implementation report[0m
        [36m</h1>[39m
        [36m<p[39m
          [33mclass[39m=[32m"mt-3 text-lg"[39m
        [36m>[39m
          [0mSYNTHETIC later title[0m
        [36m</p>[39m
        [36m<p[39m
          [33mclass[39m=[32m"mt-1 text-muted-foreground"[39m
        [36m>[39m
          [0mSYNTHETIC later authority[0m
          [0m · [0m
          [0mSYNTHETIC later geography[0m
        [36m</p>[39m
        [36m<p[39m
          [33mclass[39m=[32m"mt-4"[39m
        [36m>[39m
          [0mSYNTHETIC later report summary[0m
        [36m</p>[39m
        [36m<div[39m
          [33mclass[39m=[32m"mt-5 flex flex-wrap gap-3 print:hidden"[39m
        [36m>[39m
          [36m<button[39m
            [33mclass[39m=[32m"inline-flex items-center justify-center gap-2 whitespace-nowrap border text-sm font-semibold transition-all duration-200 disabled:pointer-events-none disabled:opacity-50 [&_svg]:pointer-events-none [&_svg:not([class*='size-'])]:size-4 shrink-0 [&_svg]:shrink-0 outline-none focus-visible:outline-none focus-visible:ring-3 focus-visible:ring-offset-2 focus-visible:ring-offset-background border-primary/12 bg-primary text-primary-foreground hover:bg-[color:var(--pine-deep)] focus-visible:ring-[color:var(--focus-ring-light)]/45 h-10 px-4.5 py-2 has-[>svg]:px-3.5"[39m
            [33mdata-size[39m=[32m"default"[39m
            [33mdata-slot[39m=[32m"button"[39m
            [33mdata-variant[39m=[32m"default"[39m
          [36m>[39m
            [0mPrint report[0m
          [36m</button>[39m
          [36m<a[39m
            [33mclass[39m=[32m"inline-flex items-center justify-center gap-2 whitespace-nowrap border text-sm font-semibold transition-all duration-200 disabled:pointer-events-none disabled:opacity-50 [&_svg]:pointer-events-none [&_svg:not([class*='size-'])]:size-4 shrink-0 [&_svg]:shrink-0 outline-none focus-visible:outline-none focus-visible:ring-3 focus-visible:ring-offset-2 focus-visible:ring-offset-background border-[color:color-mix(in_srgb,var(--line)_84%,var(--ink)_16%)] bg-background text-[color:var(--ink)] hover:border-[color:var(--pine)] hover:bg-[color:color-mix(in_srgb,var(--pine)_8%,var(--background))] hover:text-[color:var(--pine-deep)] focus-visible:ring-[color:var(--focus-ring-light)]/45 h-10 px-4.5 py-2 has-[>svg]:px-3.5"[39m
            [33mdata-size[39m=[32m"default"[39m
            [33mdata-slot[39m=[32m"button"[39m
            [33mdata-variant[39m=[32m"outline"[39m
            [33mdownload[39m=[32m"openplan-report-23000000-0000-4000-8000-000000000003-provenance.json"[39m
            [33mhref[39m=[32m"/api/reports/23000000-0000-4000-8000-000000000003/provenance"[39m
          [36m>[39m
            [0mDownload source JSON[0m
          [36m</a>[39m
          [36m<a[39m
            [33mclass[39m=[32m"inline-flex items-center justify-center gap-2 whitespace-nowrap border text-sm font-semibold transition-all duration-200 disabled:pointer-events-none disabled:opacity-50 [&_svg]:pointer-events-none [&_svg:not([class*='size-'])]:size-4 shrink-0 [&_svg]:shrink-0 outline-none focus-visible:outline-none focus-visible:ring-3 focus-visible:ring-offset-2 focus-visible:ring-offset-background border-[color:color-mix(in_srgb,var(--line)_84%,var(--ink)_16%)] bg-background text-[color:var(--ink)] hover:border-[color:var(--pine)] hover:bg-[color:color-mix(in_srgb,var(--pine)_8%,var(--background))] hover:text-[color:var(--pine-deep)] focus-visible:ring-[color:var(--focus-ring-light)]/45 h-10 px-4.5 py-2 has-[>svg]:px-3.5"[39m
            [33mdata-size[39m=[32m"default"[39m
            [33mdata-slot[39m=[32m"button"[39m
            [33mdata-variant[39m=[32m"outline"[39m
            [33mhref[39m=[32m"/land-use-plans/23000000-0000-4000-8000-000000000001"[39m
          [36m>[39m
            [0mOpen plan workbench[0m
          [36m</a>[39m
        [36m</div>[39m
      [36m</header>[39m
      [36m<section[39m
        [33mclass[39m=[32m"mt-8"[39m
      [36m>[39m
        [36m<h2[39m
          [33mclass[39m=[32m"text-2xl font-semibold"[39m
        [36m>[39m
          [0mReporting period[0m
        [36m</h2>[39m
        [36m<p[39m
          [33mclass[39m=[32m"mt-2"[39m
        [36m>[39m
          [0m2026-01-01[0m
          [0m through [0m
          [0m2026-09-30[0m
        [36m</p>[39m
        [36m<p[39m
          [33mclass[39m=[32m"mt-2 break-all text-xs text-muted-foreground"[39m
        [36m>[39m
          [0mAdopted plan hash: [0m
          [0m9e0fff784858b8d8ee2b58d6bd2d1b96fcdd221c31de97d2d858542eef5bdf05[0m
        [36m</p>[39m
      [36m</section>[39m
      [36m<section[39m
        [33mclass[39m=[32m"mt-9 border-t pt-7"[39m
      [36m>[39m
        [36m<h2[39m
          [33mclass[39m=[32m"text-2xl font-semibold"[39m
        [36m>[39m
          [0mFrozen action-status snapshot[0m
        [36m</h2>[39m
        [36m<p[39m
          [33mclass[39m=[32m"mt-3"[39m
        [36m>[39m
          [0mNo implementation actions were present in this frozen report.[0m
        [36m</p>[39m
      [36m</section>[39m
      [36m<footer[39m
        [33mclass[39m=[32m"mt-10 border-t pt-5 text-xs text-muted-foreground"[39m
      [36m>[39m
        [36m<p>[39m
          [0mGenerated [0m
          [0m2026-10-07[0m
          [0m. Consultation details, confidential notes, and sensitive-location flags are not part of this report.[0m
        [36m</p>[39m
        [36m<p[39m
          [33mclass[39m=[32m"mt-2 break-all"[39m
        [36m>[39m
          [0mReport ID [0m
          [0m23000000-0000-4000-8000-000000000003[0m
        [36m</p>[39m
      [36m</footer>[39m
    [36m</div>[39m
  [36m</div>[39m
[36m</body>[39m
 ❯ Object.getElementError ../../land-use-plan-context-20261007/openplan/node_modules/@testing-library/dom/dist/config.js:37:19
 ❯ ../../land-use-plan-context-20261007/openplan/node_modules/@testing-library/dom/dist/query-helpers.js:76:38
 ❯ ../../land-use-plan-context-20261007/openplan/node_modules/@testing-library/dom/dist/query-helpers.js:52:17
 ❯ ../../land-use-plan-context-20261007/openplan/node_modules/@testing-library/dom/dist/query-helpers.js:95:19
 ❯ src/test/land-use-implementation-report-custody.test.tsx:87:19
     85|   it("uses saved reporting dates for an absent summary and distinguish…
     86|     metadata.summary = null; native().summary = null; snapshot.actions…
     87|     expect(screen.getByText("Implementation status for 2026-01-01 thro…
       |                   ^
     88|     expect(screen.getByText("No implementation actions were present in…
     89|   });

⎯⎯⎯⎯⎯⎯⎯⎯⎯⎯⎯⎯⎯⎯⎯⎯⎯⎯⎯⎯⎯⎯⎯[3/37]⎯

 FAIL  src/test/land-use-implementation-report-custody.test.tsx > implementation report retains verified history > withholds wrong kind without substituting live values
TestingLibraryElementError: Unable to find an accessible element with the role "alert"

Here are the accessible roles:

  banner:

  Name "":
  [36m<header[39m
    [33mclass[39m=[32m"border-b pb-7"[39m
  [36m/>[39m

  --------------------------------------------------
  paragraph:

  Name "":
  [36m<p[39m
    [33mclass[39m=[32m"text-sm font-semibold uppercase tracking-wide text-muted-foreground"[39m
  [36m/>[39m

  Name "":
  [36m<p[39m
    [33mclass[39m=[32m"mt-3 text-lg"[39m
  [36m/>[39m

  Name "":
  [36m<p[39m
    [33mclass[39m=[32m"mt-1 text-muted-foreground"[39m
  [36m/>[39m

  Name "":
  [36m<p[39m
    [33mclass[39m=[32m"mt-4"[39m
  [36m/>[39m

  Name "":
  [36m<p[39m
    [33mclass[39m=[32m"mt-2 break-all text-xs text-muted-foreground"[39m
  [36m/>[39m

  Name "":
  [36m<p[39m
    [33mclass[39m=[32m"mt-3"[39m
  [36m/>[39m

  Name "":
  [36m<p[39m
    [33mclass[39m=[32m"mt-3"[39m
  [36m/>[39m

  Name "":
  [36m<p[39m
    [33mclass[39m=[32m"mt-3"[39m
  [36m/>[39m

  Name "":
  [36m<p />[39m

  Name "":
  [36m<p[39m
    [33mclass[39m=[32m"mt-2 break-all"[39m
  [36m/>[39m

  --------------------------------------------------
  heading:

  Name "SYNTHETIC implementation report":
  [36m<h1[39m
    [33mclass[39m=[32m"mt-2 text-4xl font-semibold"[39m
  [36m/>[39m

  Name "Frozen plan content":
  [36m<h2[39m
    [33mclass[39m=[32m"text-2xl font-semibold"[39m
  [36m/>[39m

  Name "Implementation program":
  [36m<h2[39m
    [33mclass[39m=[32m"text-2xl font-semibold"[39m
  [36m/>[39m

  Name "Mapped designations retained with this version":
  [36m<h2[39m
    [33mclass[39m=[32m"text-2xl font-semibold"[39m
    [33mid[39m=[32m"report-maps-heading"[39m
  [36m/>[39m

  Name "Related plans retained with this version":
  [36m<h2[39m
    [33mclass[39m=[32m"text-2xl font-semibold"[39m
    [33mid[39m=[32m"report-relationships-heading"[39m
  [36m/>[39m

  --------------------------------------------------
  button:

  Name "Print report":
  [36m<button[39m
    [33mclass[39m=[32m"inline-flex items-center justify-center gap-2 whitespace-nowrap border text-sm font-semibold transition-all duration-200 disabled:pointer-events-none disabled:opacity-50 [&_svg]:pointer-events-none [&_svg:not([class*='size-'])]:size-4 shrink-0 [&_svg]:shrink-0 outline-none focus-visible:outline-none focus-visible:ring-3 focus-visible:ring-offset-2 focus-visible:ring-offset-background border-primary/12 bg-primary text-primary-foreground hover:bg-[color:var(--pine-deep)] focus-visible:ring-[color:var(--focus-ring-light)]/45 h-10 px-4.5 py-2 has-[>svg]:px-3.5"[39m
    [33mdata-size[39m=[32m"default"[39m
    [33mdata-slot[39m=[32m"button"[39m
    [33mdata-variant[39m=[32m"default"[39m
  [36m/>[39m

  --------------------------------------------------
  link:

  Name "Download source JSON":
  [36m<a[39m
    [33mclass[39m=[32m"inline-flex items-center justify-center gap-2 whitespace-nowrap border text-sm font-semibold transition-all duration-200 disabled:pointer-events-none disabled:opacity-50 [&_svg]:pointer-events-none [&_svg:not([class*='size-'])]:size-4 shrink-0 [&_svg]:shrink-0 outline-none focus-visible:outline-none focus-visible:ring-3 focus-visible:ring-offset-2 focus-visible:ring-offset-background border-[color:color-mix(in_srgb,var(--line)_84%,var(--ink)_16%)] bg-background text-[color:var(--ink)] hover:border-[color:var(--pine)] hover:bg-[color:color-mix(in_srgb,var(--pine)_8%,var(--background))] hover:text-[color:var(--pine-deep)] focus-visible:ring-[color:var(--focus-ring-light)]/45 h-10 px-4.5 py-2 has-[>svg]:px-3.5"[39m
    [33mdata-size[39m=[32m"default"[39m
    [33mdata-slot[39m=[32m"button"[39m
    [33mdata-variant[39m=[32m"outline"[39m
    [33mdownload[39m=[32m"openplan-report-23000000-0000-4000-8000-000000000003-provenance.json"[39m
    [33mhref[39m=[32m"/api/reports/23000000-0000-4000-8000-000000000003/provenance"[39m
  [36m/>[39m

  Name "Open plan workbench":
  [36m<a[39m
    [33mclass[39m=[32m"inline-flex items-center justify-center gap-2 whitespace-nowrap border text-sm font-semibold transition-all duration-200 disabled:pointer-events-none disabled:opacity-50 [&_svg]:pointer-events-none [&_svg:not([class*='size-'])]:size-4 shrink-0 [&_svg]:shrink-0 outline-none focus-visible:outline-none focus-visible:ring-3 focus-visible:ring-offset-2 focus-visible:ring-offset-background border-[color:color-mix(in_srgb,var(--line)_84%,var(--ink)_16%)] bg-background text-[color:var(--ink)] hover:border-[color:var(--pine)] hover:bg-[color:color-mix(in_srgb,var(--pine)_8%,var(--background))] hover:text-[color:var(--pine-deep)] focus-visible:ring-[color:var(--focus-ring-light)]/45 h-10 px-4.5 py-2 has-[>svg]:px-3.5"[39m
    [33mdata-size[39m=[32m"default"[39m
    [33mdata-slot[39m=[32m"button"[39m
    [33mdata-variant[39m=[32m"outline"[39m
    [33mhref[39m=[32m"/land-use-plans/23000000-0000-4000-8000-000000000001"[39m
  [36m/>[39m

  --------------------------------------------------
  region:

  Name "Mapped designations retained with this version":
  [36m<section[39m
    [33maria-labelledby[39m=[32m"report-maps-heading"[39m
    [33mclass[39m=[32m"mt-9 border-t pt-7"[39m
  [36m/>[39m

  Name "Related plans retained with this version":
  [36m<section[39m
    [33maria-labelledby[39m=[32m"report-relationships-heading"[39m
    [33mclass[39m=[32m"mt-9 border-t pt-7"[39m
  [36m/>[39m

  --------------------------------------------------
  contentinfo:

  Name "":
  [36m<footer[39m
    [33mclass[39m=[32m"mt-10 border-t pt-5 text-xs text-muted-foreground"[39m
  [36m/>[39m

  --------------------------------------------------

Ignored nodes: comments, script, style
[36m<body>[39m
  [36m<div>[39m
    [36m<div[39m
      [33mclass[39m=[32m"mx-auto min-w-0 w-full max-w-4xl [overflow-wrap:anywhere] p-5 md:p-10 print:max-w-none print:p-0"[39m
    [36m>[39m
      [36m<header[39m
        [33mclass[39m=[32m"border-b pb-7"[39m
      [36m>[39m
        [36m<p[39m
          [33mclass[39m=[32m"text-sm font-semibold uppercase tracking-wide text-muted-foreground"[39m
        [36m>[39m
          [0mAdopted plan report[0m
        [36m</p>[39m
        [36m<h1[39m
          [33mclass[39m=[32m"mt-2 text-4xl font-semibold"[39m
        [36m>[39m
          [0mSYNTHETIC implementation report[0m
        [36m</h1>[39m
        [36m<p[39m
          [33mclass[39m=[32m"mt-3 text-lg"[39m
        [36m>[39m
          [0mSYNTHETIC later title[0m
        [36m</p>[39m
        [36m<p[39m
          [33mclass[39m=[32m"mt-1 text-muted-foreground"[39m
        [36m>[39m
          [0mSYNTHETIC later authority[0m
          [0m · [0m
          [0mSYNTHETIC later geography[0m
        [36m</p>[39m
        [36m<p[39m
          [33mclass[39m=[32m"mt-4"[39m
        [36m>[39m
          [0mSYNTHETIC later report summary[0m
        [36m</p>[39m
        [36m<div[39m
          [33mclass[39m=[32m"mt-5 flex flex-wrap gap-3 print:hidden"[39m
        [36m>[39m
          [36m<button[39m
            [33mclass[39m=[32m"inline-flex items-center justify-center gap-2 whitespace-nowrap border text-sm font-semibold transition-all duration-200 disabled:pointer-events-none disabled:opacity-50 [&_svg]:pointer-events-none [&_svg:not([class*='size-'])]:size-4 shrink-0 [&_svg]:shrink-0 outline-none focus-visible:outline-none focus-visible:ring-3 focus-visible:ring-offset-2 focus-visible:ring-offset-background border-primary/12 bg-primary text-primary-foreground hover:bg-[color:var(--pine-deep)] focus-visible:ring-[color:var(--focus-ring-light)]/45 h-10 px-4.5 py-2 has-[>svg]:px-3.5"[39m
            [33mdata-size[39m=[32m"default"[39m
            [33mdata-slot[39m=[32m"button"[39m
            [33mdata-variant[39m=[32m"default"[39m
          [36m>[39m
            [0mPrint report[0m
          [36m</button>[39m
          [36m<a[39m
            [33mclass[39m=[32m"inline-flex items-center justify-center gap-2 whitespace-nowrap border text-sm font-semibold transition-all duration-200 disabled:pointer-events-none disabled:opacity-50 [&_svg]:pointer-events-none [&_svg:not([class*='size-'])]:size-4 shrink-0 [&_svg]:shrink-0 outline-none focus-visible:outline-none focus-visible:ring-3 focus-visible:ring-offset-2 focus-visible:ring-offset-background border-[color:color-mix(in_srgb,var(--line)_84%,var(--ink)_16%)] bg-background text-[color:var(--ink)] hover:border-[color:var(--pine)] hover:bg-[color:color-mix(in_srgb,var(--pine)_8%,var(--background))] hover:text-[color:var(--pine-deep)] focus-visible:ring-[color:var(--focus-ring-light)]/45 h-10 px-4.5 py-2 has-[>svg]:px-3.5"[39m
            [33mdata-size[39m=[32m"default"[39m
            [33mdata-slot[39m=[32m"button"[39m
            [33mdata-variant[39m=[32m"outline"[39m
            [33mdownload[39m=[32m"openplan-report-23000000-0000-4000-8000-000000000003-provenance.json"[39m
            [33mhref[39m=[32m"/api/reports/23000000-0000-4000-8000-000000000003/provenance"[39m
          [36m>[39m
            [0mDownload source JSON[0m
          [36m</a>[39m
          [36m<a[39m
            [33mclass[39m=[32m"inline-flex items-center justify-center gap-2 whitespace-nowrap border text-sm font-semibold transition-all duration-200 disabled:pointer-events-none disabled:opacity-50 [&_svg]:pointer-events-none [&_svg:not([class*='size-'])]:size-4 shrink-0 [&_svg]:shrink-0 outline-none focus-visible:outline-none focus-visible:ring-3 focus-visible:ring-offset-2 focus-visible:ring-offset-background border-[color:color-mix(in_srgb,var(--line)_84%,var(--ink)_16%)] bg-background text-[color:var(--ink)] hover:border-[color:var(--pine)] hover:bg-[color:color-mix(in_srgb,var(--pine)_8%,var(--background))] hover:text-[color:var(--pine-deep)] focus-visible:ring-[color:var(--focus-ring-light)]/45 h-10 px-4.5 py-2 has-[>svg]:px-3.5"[39m
            [33mdata-size[39m=[32m"default"[39m
            [33mdata-slot[39m=[32m"button"[39m
            [33mdata-variant[39m=[32m"outline"[39m
            [33mhref[39m=[32m"/land-use-plans/23000000-0000-4000-8000-000000000001"[39m
          [36m>[39m
            [0mOpen plan workbench[0m
          [36m</a>[39m
        [36m</div>[39m
      [36m</header>[39m
      [36m<section[39m
        [33mclass[39m=[32m"mt-8"[39m
      [36m>[39m
        [36m<h2[39m
          [33mclass[39m=[32m"text-2xl font-semibold"[39m
        [36m>[39m
          [0mFrozen plan content[0m
        [36m</h2>[39m
        [36m<p[39m
          [33mclass[39m=[32m"mt-2 break-all text-xs text-muted-foreground"[39m
        [36m>[39m
          [0mPlan content hash: [0m
          [0mf53b730b29ba60cd7ede7e2d0cf9227c69abdefa73a234fa3059c8e31bbf69a5[0m
        [36m</p>[39m
      [36m</section>[39m
      [36m<section[39m
        [33mclass[39m=[32m"mt-9 border-t pt-7"[39m
      [36m>[39m
        [36m<h2[39m
          [33mclass[39m=[32m"text-2xl font-semibold"[39m
        [36m>[39m
          [0mImplementation program[0m
        [36m</h2>[39m
        [36m<p[39m
          [33mclass[39m=[32m"mt-3"[39m
        [36m>[39m
          [0mNo implementation actions were present in this frozen report.[0m
        [36m</p>[39m
      [36m</section>[39m
      [36m<section[39m
        [33maria-labelledby[39m=[32m"report-maps-heading"[39m
        [33mclass[39m=[32m"mt-9 border-t pt-7"[39m
      [36m>[39m
        [36m<h2[39m
          [33mclass[39m=[32m"text-2xl font-semibold"[39m
          [33mid[39m=[32m"report-maps-heading"[39m
        [36m>[39m
          [0mMapped designations retained with this version[0m
        [36m</h2>[39m
        [36m<p[39m
          [33mclass[39m=[32m"mt-3"[39m
        [36m>[39m
          [0mNo mapped designations were retained with this version.[0m
        [36m</p>[39m
      [36m</section>[39m
      [36m<section[39m
        [33maria-labelledby[39m=[32m"report-relationships-heading"[39m
        [33mclass[39m=[32m"mt-9 border-t pt-7"[39m
      [36m>[39m
        [36m<h2[39m
          [33mclass[39m=[32m"text-2xl font-semibold"[39m
          [33mid[39m=[32m"report-relationships-heading"[39m
        [36m>[39m
          [0mRelated plans retained with this version[0m
        [36m</h2>[39m
        [36m<p[39m
          [33mclass[39m=[32m"mt-3"[39m
        [36m>[39m
          [0mNo related-plan references were retained with this version.[0m
        [36m</p>[39m
      [36m</section>[39m
      [36m<footer[39m
        [33mclass[39m=[32m"mt-10 border-t pt-5 text-xs text-muted-foreground"[39m
      [36m>[39m
        [36m<p>[39m
          [0mGenerated [0m
          [0m2026-10-07[0m
          [0m. Consultation details, confidential notes, and sensitive-location flags are not part of this report.[0m
        [36m</p>[39m
        [36m<p[39m
          [33mclass[39m=[32m"mt-2 break-all"[39m
        [36m>[39m
          [0mReport ID [0m
          [0m23000000-0000-4000-8000-000000000003[0m
        [36m</p>[39m
      [36m</footer>[39m
    [36m</div>[39m
  [36m</div>[39m
[36m</body>[39m
 ❯ Object.getElementError ../../land-use-plan-context-20261007/openplan/node_modules/@testing-library/dom/dist/config.js:37:19
 ❯ ../../land-use-plan-context-20261007/openplan/node_modules/@testing-library/dom/dist/query-helpers.js:76:38
 ❯ ../../land-use-plan-context-20261007/openplan/node_modules/@testing-library/dom/dist/query-helpers.js:52:17
 ❯ ../../land-use-plan-context-20261007/openplan/node_modules/@testing-library/dom/dist/query-helpers.js:95:19
 ❯ src/test/land-use-implementation-report-custody.test.tsx:128:19
    126|   ] as const)("withholds %s without substituting live values", async (…
    127|     change(); await show();
    128|     expect(screen.getByRole("alert")).toHaveTextContent("does not matc…
       |                   ^
    129|     expect(screen.getByRole("alert")).toHaveTextContent("This does not…
    130|     for (const value of ["SYNTHETIC saved action", "SYNTHETIC adopted …

⎯⎯⎯⎯⎯⎯⎯⎯⎯⎯⎯⎯⎯⎯⎯⎯⎯⎯⎯⎯⎯⎯⎯[4/37]⎯

 FAIL  src/test/land-use-implementation-report-custody.test.tsx > implementation report retains verified history > withholds wrong artifact plan without substituting live values
 FAIL  src/test/land-use-implementation-report-custody.test.tsx > implementation report retains verified history > withholds invalid content hash without substituting live values
 FAIL  src/test/land-use-implementation-report-custody.test.tsx > implementation report retains verified history > withholds changed artifact hash without substituting live values
 FAIL  src/test/land-use-implementation-report-custody.test.tsx > implementation report retains verified history > withholds wrong snapshot plan without substituting live values
 FAIL  src/test/land-use-implementation-report-custody.test.tsx > implementation report retains verified history > withholds wrong snapshot version without substituting live values
 FAIL  src/test/land-use-implementation-report-custody.test.tsx > implementation report retains verified history > withholds changed artifact summary without substituting live values
 FAIL  src/test/land-use-implementation-report-custody.test.tsx > implementation report retains verified history > withholds private extra field without substituting live values
 FAIL  src/test/land-use-implementation-report-custody.test.tsx > implementation report retains verified history > withholds unreadable register without substituting live values
 FAIL  src/test/land-use-implementation-report-custody.test.tsx > implementation report retains verified history > withholds missing register without substituting live values
 FAIL  src/test/land-use-implementation-report-custody.test.tsx > implementation report retains verified history > withholds wrong registered report without substituting live values
 FAIL  src/test/land-use-implementation-report-custody.test.tsx > implementation report retains verified history > withholds wrong registered plan without substituting live values
 FAIL  src/test/land-use-implementation-report-custody.test.tsx > implementation report retains verified history > withholds wrong registered workspace without substituting live values
 FAIL  src/test/land-use-implementation-report-custody.test.tsx > implementation report retains verified history > withholds wrong native version without substituting live values
 FAIL  src/test/land-use-implementation-report-custody.test.tsx > implementation report retains verified history > withholds wrong native plan without substituting live values
 FAIL  src/test/land-use-implementation-report-custody.test.tsx > implementation report retains verified history > withholds wrong native workspace without substituting live values
 FAIL  src/test/land-use-implementation-report-custody.test.tsx > implementation report retains verified history > withholds unadopted version without substituting live values
 FAIL  src/test/land-use-implementation-report-custody.test.tsx > implementation report retains verified history > withholds unreadable version without substituting live values
 FAIL  src/test/land-use-implementation-report-custody.test.tsx > implementation report retains verified history > withholds missing version without substituting live values
 FAIL  src/test/land-use-implementation-report-custody.test.tsx > implementation report retains verified history > withholds changed native snapshot without substituting live values
 FAIL  src/test/land-use-implementation-report-custody.test.tsx > implementation report retains verified history > withholds wrong native version number without substituting live values
TestingLibraryElementError: Unable to find an accessible element with the role "alert"

Here are the accessible roles:

  banner:

  Name "":
  [36m<header[39m
    [33mclass[39m=[32m"border-b pb-7"[39m
  [36m/>[39m

  --------------------------------------------------
  paragraph:

  Name "":
  [36m<p[39m
    [33mclass[39m=[32m"text-sm font-semibold uppercase tracking-wide text-muted-foreground"[39m
  [36m/>[39m

  Name "":
  [36m<p[39m
    [33mclass[39m=[32m"mt-3 text-lg"[39m
  [36m/>[39m

  Name "":
  [36m<p[39m
    [33mclass[39m=[32m"mt-1 text-muted-foreground"[39m
  [36m/>[39m

  Name "":
  [36m<p[39m
    [33mclass[39m=[32m"mt-4"[39m
  [36m/>[39m

  Name "":
  [36m<p[39m
    [33mclass[39m=[32m"mt-2"[39m
  [36m/>[39m

  Name "":
  [36m<p[39m
    [33mclass[39m=[32m"mt-2 break-all text-xs text-muted-foreground"[39m
  [36m/>[39m

  Name "":
  [36m<p[39m
    [33mclass[39m=[32m"mt-1 text-sm"[39m
  [36m/>[39m

  Name "":
  [36m<p[39m
    [33mclass[39m=[32m"mt-2"[39m
  [36m/>[39m

  Name "":
  [36m<p />[39m

  Name "":
  [36m<p[39m
    [33mclass[39m=[32m"mt-2 break-all"[39m
  [36m/>[39m

  --------------------------------------------------
  heading:

  Name "SYNTHETIC implementation report":
  [36m<h1[39m
    [33mclass[39m=[32m"mt-2 text-4xl font-semibold"[39m
  [36m/>[39m

  Name "Reporting period":
  [36m<h2[39m
    [33mclass[39m=[32m"text-2xl font-semibold"[39m
  [36m/>[39m

  Name "Frozen action-status snapshot":
  [36m<h2[39m
    [33mclass[39m=[32m"text-2xl font-semibold"[39m
  [36m/>[39m

  Name "SYNTHETIC saved action":
  [36m<h3[39m
    [33mclass[39m=[32m"font-semibold"[39m
  [36m/>[39m

  --------------------------------------------------
  button:

  Name "Print report":
  [36m<button[39m
    [33mclass[39m=[32m"inline-flex items-center justify-center gap-2 whitespace-nowrap border text-sm font-semibold transition-all duration-200 disabled:pointer-events-none disabled:opacity-50 [&_svg]:pointer-events-none [&_svg:not([class*='size-'])]:size-4 shrink-0 [&_svg]:shrink-0 outline-none focus-visible:outline-none focus-visible:ring-3 focus-visible:ring-offset-2 focus-visible:ring-offset-background border-primary/12 bg-primary text-primary-foreground hover:bg-[color:var(--pine-deep)] focus-visible:ring-[color:var(--focus-ring-light)]/45 h-10 px-4.5 py-2 has-[>svg]:px-3.5"[39m
    [33mdata-size[39m=[32m"default"[39m
    [33mdata-slot[39m=[32m"button"[39m
    [33mdata-variant[39m=[32m"default"[39m
  [36m/>[39m

  --------------------------------------------------
  link:

  Name "Download source JSON":
  [36m<a[39m
    [33mclass[39m=[32m"inline-flex items-center justify-center gap-2 whitespace-nowrap border text-sm font-semibold transition-all duration-200 disabled:pointer-events-none disabled:opacity-50 [&_svg]:pointer-events-none [&_svg:not([class*='size-'])]:size-4 shrink-0 [&_svg]:shrink-0 outline-none focus-visible:outline-none focus-visible:ring-3 focus-visible:ring-offset-2 focus-visible:ring-offset-background border-[color:color-mix(in_srgb,var(--line)_84%,var(--ink)_16%)] bg-background text-[color:var(--ink)] hover:border-[color:var(--pine)] hover:bg-[color:color-mix(in_srgb,var(--pine)_8%,var(--background))] hover:text-[color:var(--pine-deep)] focus-visible:ring-[color:var(--focus-ring-light)]/45 h-10 px-4.5 py-2 has-[>svg]:px-3.5"[39m
    [33mdata-size[39m=[32m"default"[39m
    [33mdata-slot[39m=[32m"button"[39m
    [33mdata-variant[39m=[32m"outline"[39m
    [33mdownload[39m=[32m"openplan-report-23000000-0000-4000-8000-000000000003-provenance.json"[39m
    [33mhref[39m=[32m"/api/reports/23000000-0000-4000-8000-000000000003/provenance"[39m
  [36m/>[39m

  Name "Open plan workbench":
  [36m<a[39m
    [33mclass[39m=[32m"inline-flex items-center justify-center gap-2 whitespace-nowrap border text-sm font-semibold transition-all duration-200 disabled:pointer-events-none disabled:opacity-50 [&_svg]:pointer-events-none [&_svg:not([class*='size-'])]:size-4 shrink-0 [&_svg]:shrink-0 outline-none focus-visible:outline-none focus-visible:ring-3 focus-visible:ring-offset-2 focus-visible:ring-offset-background border-[color:color-mix(in_srgb,var(--line)_84%,var(--ink)_16%)] bg-background text-[color:var(--ink)] hover:border-[color:var(--pine)] hover:bg-[color:color-mix(in_srgb,var(--pine)_8%,var(--background))] hover:text-[color:var(--pine-deep)] focus-visible:ring-[color:var(--focus-ring-light)]/45 h-10 px-4.5 py-2 has-[>svg]:px-3.5"[39m
    [33mdata-size[39m=[32m"default"[39m
    [33mdata-slot[39m=[32m"button"[39m
    [33mdata-variant[39m=[32m"outline"[39m
    [33mhref[39m=[32m"/land-use-plans/23000000-0000-4000-8000-000000000001"[39m
  [36m/>[39m

  --------------------------------------------------
  article:

  Name "":
  [36m<article[39m
    [33mclass[39m=[32m"mt-4 rounded-lg border p-4"[39m
  [36m/>[39m

  --------------------------------------------------
  term:

  Name "":
  [36m<dt[39m
    [33mclass[39m=[32m"text-muted-foreground"[39m
  [36m/>[39m

  Name "":
  [36m<dt[39m
    [33mclass[39m=[32m"text-muted-foreground"[39m
  [36m/>[39m

  --------------------------------------------------
  definition:

  Name "":
  [36m<dd />[39m

  Name "":
  [36m<dd />[39m

  --------------------------------------------------
  contentinfo:

  Name "":
  [36m<footer[39m
    [33mclass[39m=[32m"mt-10 border-t pt-5 text-xs text-muted-foreground"[39m
  [36m/>[39m

  --------------------------------------------------

Ignored nodes: comments, script, style
[36m<body>[39m
  [36m<div>[39m
    [36m<div[39m
      [33mclass[39m=[32m"mx-auto min-w-0 w-full max-w-4xl [overflow-wrap:anywhere] p-5 md:p-10 print:max-w-none print:p-0"[39m
    [36m>[39m
      [36m<header[39m
        [33mclass[39m=[32m"border-b pb-7"[39m
      [36m>[39m
        [36m<p[39m
          [33mclass[39m=[32m"text-sm font-semibold uppercase tracking-wide text-muted-foreground"[39m
        [36m>[39m
          [0mImplementation report[0m
        [36m</p>[39m
        [36m<h1[39m
          [33mclass[39m=[32m"mt-2 text-4xl font-semibold"[39m
        [36m>[39m
          [0mSYNTHETIC implementation report[0m
        [36m</h1>[39m
        [36m<p[39m
          [33mclass[39m=[32m"mt-3 text-lg"[39m
        [36m>[39m
          [0mSYNTHETIC later title[0m
        [36m</p>[39m
        [36m<p[39m
          [33mclass[39m=[32m"mt-1 text-muted-foreground"[39m
        [36m>[39m
          [0mSYNTHETIC later authority[0m
          [0m · [0m
          [0mSYNTHETIC later geography[0m
        [36m</p>[39m
        [36m<p[39m
          [33mclass[39m=[32m"mt-4"[39m
        [36m>[39m
          [0mSYNTHETIC later report summary[0m
        [36m</p>[39m
        [36m<div[39m
          [33mclass[39m=[32m"mt-5 flex flex-wrap gap-3 print:hidden"[39m
        [36m>[39m
          [36m<button[39m
            [33mclass[39m=[32m"inline-flex items-center justify-center gap-2 whitespace-nowrap border text-sm font-semibold transition-all duration-200 disabled:pointer-events-none disabled:opacity-50 [&_svg]:pointer-events-none [&_svg:not([class*='size-'])]:size-4 shrink-0 [&_svg]:shrink-0 outline-none focus-visible:outline-none focus-visible:ring-3 focus-visible:ring-offset-2 focus-visible:ring-offset-background border-primary/12 bg-primary text-primary-foreground hover:bg-[color:var(--pine-deep)] focus-visible:ring-[color:var(--focus-ring-light)]/45 h-10 px-4.5 py-2 has-[>svg]:px-3.5"[39m
            [33mdata-size[39m=[32m"default"[39m
            [33mdata-slot[39m=[32m"button"[39m
            [33mdata-variant[39m=[32m"default"[39m
          [36m>[39m
            [0mPrint report[0m
          [36m</button>[39m
          [36m<a[39m
            [33mclass[39m=[32m"inline-flex items-center justify-center gap-2 whitespace-nowrap border text-sm font-semibold transition-all duration-200 disabled:pointer-events-none disabled:opacity-50 [&_svg]:pointer-events-none [&_svg:not([class*='size-'])]:size-4 shrink-0 [&_svg]:shrink-0 outline-none focus-visible:outline-none focus-visible:ring-3 focus-visible:ring-offset-2 focus-visible:ring-offset-background border-[color:color-mix(in_srgb,var(--line)_84%,var(--ink)_16%)] bg-background text-[color:var(--ink)] hover:border-[color:var(--pine)] hover:bg-[color:color-mix(in_srgb,var(--pine)_8%,var(--background))] hover:text-[color:var(--pine-deep)] focus-visible:ring-[color:var(--focus-ring-light)]/45 h-10 px-4.5 py-2 has-[>svg]:px-3.5"[39m
            [33mdata-size[39m=[32m"default"[39m
            [33mdata-slot[39m=[32m"button"[39m
            [33mdata-variant[39m=[32m"outline"[39m
            [33mdownload[39m=[32m"openplan-report-23000000-0000-4000-8000-000000000003-provenance.json"[39m
            [33mhref[39m=[32m"/api/reports/23000000-0000-4000-8000-000000000003/provenance"[39m
          [36m>[39m
            [0mDownload source JSON[0m
          [36m</a>[39m
          [36m<a[39m
            [33mclass[39m=[32m"inline-flex items-center justify-center gap-2 whitespace-nowrap border text-sm font-semibold transition-all duration-200 disabled:pointer-events-none disabled:opacity-50 [&_svg]:pointer-events-none [&_svg:not([class*='size-'])]:size-4 shrink-0 [&_svg]:shrink-0 outline-none focus-visible:outline-none focus-visible:ring-3 focus-visible:ring-offset-2 focus-visible:ring-offset-background border-[color:color-mix(in_srgb,var(--line)_84%,var(--ink)_16%)] bg-background text-[color:var(--ink)] hover:border-[color:var(--pine)] hover:bg-[color:color-mix(in_srgb,var(--pine)_8%,var(--background))] hover:text-[color:var(--pine-deep)] focus-visible:ring-[color:var(--focus-ring-light)]/45 h-10 px-4.5 py-2 has-[>svg]:px-3.5"[39m
            [33mdata-size[39m=[32m"default"[39m
            [33mdata-slot[39m=[32m"button"[39m
            [33mdata-variant[39m=[32m"outline"[39m
            [33mhref[39m=[32m"/land-use-plans/23000000-0000-4000-8000-000000000001"[39m
          [36m>[39m
            [0mOpen plan workbench[0m
          [36m</a>[39m
        [36m</div>[39m
      [36m</header>[39m
      [36m<section[39m
        [33mclass[39m=[32m"mt-8"[39m
      [36m>[39m
        [36m<h2[39m
          [33mclass[39m=[32m"text-2xl font-semibold"[39m
        [36m>[39m
          [0mReporting period[0m
        [36m</h2>[39m
        [36m<p[39m
          [33mclass[39m=[32m"mt-2"[39m
        [36m>[39m
          [0m2026-01-01[0m
          [0m through [0m
          [0m2026-09-30[0m
        [36m</p>[39m
        [36m<p[39m
          [33mclass[39m=[32m"mt-2 break-all text-xs text-muted-foreground"[39m
        [36m>[39m
          [0mAdopted plan hash: [0m
          [0m9e0fff784858b8d8ee2b58d6bd2d1b96fcdd221c31de97d2d858542eef5bdf05[0m
        [36m</p>[39m
      [36m</section>[39m
      [36m<section[39m
        [33mclass[39m=[32m"mt-9 border-t pt-7"[39m
      [36m>[39m
        [36m<h2[39m
          [33mclass[39m=[32m"text-2xl font-semibold"[39m
        [36m>[39m
          [0mFrozen action-status snapshot[0m
        [36m</h2>[39m
        [36m<article[39m
          [33mclass[39m=[32m"mt-4 rounded-lg border p-4"[39m
        [36m>[39m
          [36m<h3[39m
            [33mclass[39m=[32m"font-semibold"[39m
          [36m>[39m
            [0mSYNTHETIC saved action[0m
          [36m</h3>[39m
          [36m<p[39m
            [33mclass[39m=[32m"mt-1 text-sm"[39m
          [36m>[39m
            [0mStatus: [0m
            [0mcompleted[0m
            [0m · due 2026-12-01[0m
          [36m</p>[39m
          [36m<p[39m
            [33mclass[39m=[32m"mt-2"[39m
          [36m>[39m
            [0mRetained implementation detail[0m
          [36m</p>[39m
          [36m<dl[39m
            [33mclass[39m=[32m"mt-3 grid gap-3 text-sm sm:grid-cols-2"[39m
          [36m>[39m
            [36m<div>[39m
              [36m<dt[39m
                [33mclass[39m=[32m"text-muted-foreground"[39m
              [36m>[39m
                [0mResponsible party at reporting[0m
              [36m</dt>[39m
              [36m<dd>[39m
                [0mSYNTHETIC responsible team[0m
              [36m</dd>[39m
            [36m</div>[39m
            [36m<div>[39m
              [36m<dt[39m
                [33mclass[39m=[32m"text-muted-foreground"[39m
              [36m>[39m
                [0mLast action update retained[0m
              [36m</dt>[39m
              [36m<dd>[39m
                [0m2026-09-29T12:34:56+00:00[0m
              [36m</dd>[39m
            [36m</div>[39m
          [36m</dl>[39m
        [36m</article>[39m
      [36m</section>[39m
      [36m<footer[39m
        [33mclass[39m=[32m"mt-10 border-t pt-5 text-xs text-muted-foreground"[39m
      [36m>[39m
        [36m<p>[39m
          [0mGenerated [0m
          [0m2026-10-07[0m
          [0m. Consultation details, confidential notes, and sensitive-location flags are not part of this report.[0m
        [36m</p>[39m
        [36m<p[39m
          [33mclass[39m=[32m"mt-2 break-all"[39m
        [36m>[39m
          [0mReport ID [0m
          [0m23000000-0000-4000-8000-000000000003[0m
        [36m</p>[39m
      [36m</footer>[39m
    [36m</div>[39m
  [36m</div>[39m
[36m</body>[39m
 ❯ Object.getElementError ../../land-use-plan-context-20261007/openplan/node_modules/@testing-library/dom/dist/config.js:37:19
 ❯ ../../land-use-plan-context-20261007/openplan/node_modules/@testing-library/dom/dist/query-helpers.js:76:38
 ❯ ../../land-use-plan-context-20261007/openplan/node_modules/@testing-library/dom/dist/query-helpers.js:52:17
 ❯ ../../land-use-plan-context-20261007/openplan/node_modules/@testing-library/dom/dist/query-helpers.js:95:19
 ❯ src/test/land-use-implementation-report-custody.test.tsx:128:19
    126|   ] as const)("withholds %s without substituting live values", async (…
    127|     change(); await show();
    128|     expect(screen.getByRole("alert")).toHaveTextContent("does not matc…
       |                   ^
    129|     expect(screen.getByRole("alert")).toHaveTextContent("This does not…
    130|     for (const value of ["SYNTHETIC saved action", "SYNTHETIC adopted …

⎯⎯⎯⎯⎯⎯⎯⎯⎯⎯⎯⎯⎯⎯⎯⎯⎯⎯⎯⎯⎯⎯⎯[5/37]⎯

 FAIL  src/test/land-use-implementation-report-custody.test.tsx > implementation report retains verified history > withholds missing snapshot without substituting live values
TestingLibraryElementError: Unable to find an accessible element with the role "alert"

Here are the accessible roles:

  banner:

  Name "":
  [36m<header[39m
    [33mclass[39m=[32m"border-b pb-7"[39m
  [36m/>[39m

  --------------------------------------------------
  paragraph:

  Name "":
  [36m<p[39m
    [33mclass[39m=[32m"text-sm font-semibold uppercase tracking-wide text-muted-foreground"[39m
  [36m/>[39m

  Name "":
  [36m<p[39m
    [33mclass[39m=[32m"mt-3 text-lg"[39m
  [36m/>[39m

  Name "":
  [36m<p[39m
    [33mclass[39m=[32m"mt-1 text-muted-foreground"[39m
  [36m/>[39m

  Name "":
  [36m<p[39m
    [33mclass[39m=[32m"mt-4"[39m
  [36m/>[39m

  Name "":
  [36m<p[39m
    [33mclass[39m=[32m"mt-2"[39m
  [36m/>[39m

  Name "":
  [36m<p[39m
    [33mclass[39m=[32m"mt-2 break-all text-xs text-muted-foreground"[39m
  [36m/>[39m

  Name "":
  [36m<p[39m
    [33mclass[39m=[32m"mt-3"[39m
  [36m/>[39m

  Name "":
  [36m<p />[39m

  Name "":
  [36m<p[39m
    [33mclass[39m=[32m"mt-2 break-all"[39m
  [36m/>[39m

  --------------------------------------------------
  heading:

  Name "SYNTHETIC implementation report":
  [36m<h1[39m
    [33mclass[39m=[32m"mt-2 text-4xl font-semibold"[39m
  [36m/>[39m

  Name "Reporting period":
  [36m<h2[39m
    [33mclass[39m=[32m"text-2xl font-semibold"[39m
  [36m/>[39m

  Name "Frozen action-status snapshot":
  [36m<h2[39m
    [33mclass[39m=[32m"text-2xl font-semibold"[39m
  [36m/>[39m

  --------------------------------------------------
  button:

  Name "Print report":
  [36m<button[39m
    [33mclass[39m=[32m"inline-flex items-center justify-center gap-2 whitespace-nowrap border text-sm font-semibold transition-all duration-200 disabled:pointer-events-none disabled:opacity-50 [&_svg]:pointer-events-none [&_svg:not([class*='size-'])]:size-4 shrink-0 [&_svg]:shrink-0 outline-none focus-visible:outline-none focus-visible:ring-3 focus-visible:ring-offset-2 focus-visible:ring-offset-background border-primary/12 bg-primary text-primary-foreground hover:bg-[color:var(--pine-deep)] focus-visible:ring-[color:var(--focus-ring-light)]/45 h-10 px-4.5 py-2 has-[>svg]:px-3.5"[39m
    [33mdata-size[39m=[32m"default"[39m
    [33mdata-slot[39m=[32m"button"[39m
    [33mdata-variant[39m=[32m"default"[39m
  [36m/>[39m

  --------------------------------------------------
  link:

  Name "Download source JSON":
  [36m<a[39m
    [33mclass[39m=[32m"inline-flex items-center justify-center gap-2 whitespace-nowrap border text-sm font-semibold transition-all duration-200 disabled:pointer-events-none disabled:opacity-50 [&_svg]:pointer-events-none [&_svg:not([class*='size-'])]:size-4 shrink-0 [&_svg]:shrink-0 outline-none focus-visible:outline-none focus-visible:ring-3 focus-visible:ring-offset-2 focus-visible:ring-offset-background border-[color:color-mix(in_srgb,var(--line)_84%,var(--ink)_16%)] bg-background text-[color:var(--ink)] hover:border-[color:var(--pine)] hover:bg-[color:color-mix(in_srgb,var(--pine)_8%,var(--background))] hover:text-[color:var(--pine-deep)] focus-visible:ring-[color:var(--focus-ring-light)]/45 h-10 px-4.5 py-2 has-[>svg]:px-3.5"[39m
    [33mdata-size[39m=[32m"default"[39m
    [33mdata-slot[39m=[32m"button"[39m
    [33mdata-variant[39m=[32m"outline"[39m
    [33mdownload[39m=[32m"openplan-report-23000000-0000-4000-8000-000000000003-provenance.json"[39m
    [33mhref[39m=[32m"/api/reports/23000000-0000-4000-8000-000000000003/provenance"[39m
  [36m/>[39m

  Name "Open plan workbench":
  [36m<a[39m
    [33mclass[39m=[32m"inline-flex items-center justify-center gap-2 whitespace-nowrap border text-sm font-semibold transition-all duration-200 disabled:pointer-events-none disabled:opacity-50 [&_svg]:pointer-events-none [&_svg:not([class*='size-'])]:size-4 shrink-0 [&_svg]:shrink-0 outline-none focus-visible:outline-none focus-visible:ring-3 focus-visible:ring-offset-2 focus-visible:ring-offset-background border-[color:color-mix(in_srgb,var(--line)_84%,var(--ink)_16%)] bg-background text-[color:var(--ink)] hover:border-[color:var(--pine)] hover:bg-[color:color-mix(in_srgb,var(--pine)_8%,var(--background))] hover:text-[color:var(--pine-deep)] focus-visible:ring-[color:var(--focus-ring-light)]/45 h-10 px-4.5 py-2 has-[>svg]:px-3.5"[39m
    [33mdata-size[39m=[32m"default"[39m
    [33mdata-slot[39m=[32m"button"[39m
    [33mdata-variant[39m=[32m"outline"[39m
    [33mhref[39m=[32m"/land-use-plans/23000000-0000-4000-8000-000000000001"[39m
  [36m/>[39m

  --------------------------------------------------
  contentinfo:

  Name "":
  [36m<footer[39m
    [33mclass[39m=[32m"mt-10 border-t pt-5 text-xs text-muted-foreground"[39m
  [36m/>[39m

  --------------------------------------------------

Ignored nodes: comments, script, style
[36m<body>[39m
  [36m<div>[39m
    [36m<div[39m
      [33mclass[39m=[32m"mx-auto min-w-0 w-full max-w-4xl [overflow-wrap:anywhere] p-5 md:p-10 print:max-w-none print:p-0"[39m
    [36m>[39m
      [36m<header[39m
        [33mclass[39m=[32m"border-b pb-7"[39m
      [36m>[39m
        [36m<p[39m
          [33mclass[39m=[32m"text-sm font-semibold uppercase tracking-wide text-muted-foreground"[39m
        [36m>[39m
          [0mImplementation report[0m
        [36m</p>[39m
        [36m<h1[39m
          [33mclass[39m=[32m"mt-2 text-4xl font-semibold"[39m
        [36m>[39m
          [0mSYNTHETIC implementation report[0m
        [36m</h1>[39m
        [36m<p[39m
          [33mclass[39m=[32m"mt-3 text-lg"[39m
        [36m>[39m
          [0mSYNTHETIC later title[0m
        [36m</p>[39m
        [36m<p[39m
          [33mclass[39m=[32m"mt-1 text-muted-foreground"[39m
        [36m>[39m
          [0mSYNTHETIC later authority[0m
          [0m · [0m
          [0mSYNTHETIC later geography[0m
        [36m</p>[39m
        [36m<p[39m
          [33mclass[39m=[32m"mt-4"[39m
        [36m>[39m
          [0mSYNTHETIC later report summary[0m
        [36m</p>[39m
        [36m<div[39m
          [33mclass[39m=[32m"mt-5 flex flex-wrap gap-3 print:hidden"[39m
        [36m>[39m
          [36m<button[39m
            [33mclass[39m=[32m"inline-flex items-center justify-center gap-2 whitespace-nowrap border text-sm font-semibold transition-all duration-200 disabled:pointer-events-none disabled:opacity-50 [&_svg]:pointer-events-none [&_svg:not([class*='size-'])]:size-4 shrink-0 [&_svg]:shrink-0 outline-none focus-visible:outline-none focus-visible:ring-3 focus-visible:ring-offset-2 focus-visible:ring-offset-background border-primary/12 bg-primary text-primary-foreground hover:bg-[color:var(--pine-deep)] focus-visible:ring-[color:var(--focus-ring-light)]/45 h-10 px-4.5 py-2 has-[>svg]:px-3.5"[39m
            [33mdata-size[39m=[32m"default"[39m
            [33mdata-slot[39m=[32m"button"[39m
            [33mdata-variant[39m=[32m"default"[39m
          [36m>[39m
            [0mPrint report[0m
          [36m</button>[39m
          [36m<a[39m
            [33mclass[39m=[32m"inline-flex items-center justify-center gap-2 whitespace-nowrap border text-sm font-semibold transition-all duration-200 disabled:pointer-events-none disabled:opacity-50 [&_svg]:pointer-events-none [&_svg:not([class*='size-'])]:size-4 shrink-0 [&_svg]:shrink-0 outline-none focus-visible:outline-none focus-visible:ring-3 focus-visible:ring-offset-2 focus-visible:ring-offset-background border-[color:color-mix(in_srgb,var(--line)_84%,var(--ink)_16%)] bg-background text-[color:var(--ink)] hover:border-[color:var(--pine)] hover:bg-[color:color-mix(in_srgb,var(--pine)_8%,var(--background))] hover:text-[color:var(--pine-deep)] focus-visible:ring-[color:var(--focus-ring-light)]/45 h-10 px-4.5 py-2 has-[>svg]:px-3.5"[39m
            [33mdata-size[39m=[32m"default"[39m
            [33mdata-slot[39m=[32m"button"[39m
            [33mdata-variant[39m=[32m"outline"[39m
            [33mdownload[39m=[32m"openplan-report-23000000-0000-4000-8000-000000000003-provenance.json"[39m
            [33mhref[39m=[32m"/api/reports/23000000-0000-4000-8000-000000000003/provenance"[39m
          [36m>[39m
            [0mDownload source JSON[0m
          [36m</a>[39m
          [36m<a[39m
            [33mclass[39m=[32m"inline-flex items-center justify-center gap-2 whitespace-nowrap border text-sm font-semibold transition-all duration-200 disabled:pointer-events-none disabled:opacity-50 [&_svg]:pointer-events-none [&_svg:not([class*='size-'])]:size-4 shrink-0 [&_svg]:shrink-0 outline-none focus-visible:outline-none focus-visible:ring-3 focus-visible:ring-offset-2 focus-visible:ring-offset-background border-[color:color-mix(in_srgb,var(--line)_84%,var(--ink)_16%)] bg-background text-[color:var(--ink)] hover:border-[color:var(--pine)] hover:bg-[color:color-mix(in_srgb,var(--pine)_8%,var(--background))] hover:text-[color:var(--pine-deep)] focus-visible:ring-[color:var(--focus-ring-light)]/45 h-10 px-4.5 py-2 has-[>svg]:px-3.5"[39m
            [33mdata-size[39m=[32m"default"[39m
            [33mdata-slot[39m=[32m"button"[39m
            [33mdata-variant[39m=[32m"outline"[39m
            [33mhref[39m=[32m"/land-use-plans/23000000-0000-4000-8000-000000000001"[39m
          [36m>[39m
            [0mOpen plan workbench[0m
          [36m</a>[39m
        [36m</div>[39m
      [36m</header>[39m
      [36m<section[39m
        [33mclass[39m=[32m"mt-8"[39m
      [36m>[39m
        [36m<h2[39m
          [33mclass[39m=[32m"text-2xl font-semibold"[39m
        [36m>[39m
          [0mReporting period[0m
        [36m</h2>[39m
        [36m<p[39m
          [33mclass[39m=[32m"mt-2"[39m
        [36m>[39m
          [0mStart unavailable[0m
          [0m through [0m
          [0mend unavailable[0m
        [36m</p>[39m
        [36m<p[39m
          [33mclass[39m=[32m"mt-2 break-all text-xs text-muted-foreground"[39m
        [36m>[39m
          [0mAdopted plan hash: [0m
          [0munavailable[0m
        [36m</p>[39m
      [36m</section>[39m
      [36m<section[39m
        [33mclass[39m=[32m"mt-9 border-t pt-7"[39m
      [36m>[39m
        [36m<h2[39m
          [33mclass[39m=[32m"text-2xl font-semibold"[39m
        [36m>[39m
          [0mFrozen action-status snapshot[0m
        [36m</h2>[39m
        [36m<p[39m
          [33mclass[39m=[32m"mt-3"[39m
        [36m>[39m
          [0mNo implementation actions were present in this frozen report.[0m
        [36m</p>[39m
      [36m</section>[39m
      [36m<footer[39m
        [33mclass[39m=[32m"mt-10 border-t pt-5 text-xs text-muted-foreground"[39m
      [36m>[39m
        [36m<p>[39m
          [0mGenerated [0m
          [0m2026-10-07[0m
          [0m. Consultation details, confidential notes, and sensitive-location flags are not part of this report.[0m
        [36m</p>[39m
        [36m<p[39m
          [33mclass[39m=[32m"mt-2 break-all"[39m
        [36m>[39m
          [0mReport ID [0m
          [0m23000000-0000-4000-8000-000000000003[0m
        [36m</p>[39m
      [36m</footer>[39m
    [36m</div>[39m
  [36m</div>[39m
[36m</body>[39m
 ❯ Object.getElementError ../../land-use-plan-context-20261007/openplan/node_modules/@testing-library/dom/dist/config.js:37:19
 ❯ ../../land-use-plan-context-20261007/openplan/node_modules/@testing-library/dom/dist/query-helpers.js:76:38
 ❯ ../../land-use-plan-context-20261007/openplan/node_modules/@testing-library/dom/dist/query-helpers.js:52:17
 ❯ ../../land-use-plan-context-20261007/openplan/node_modules/@testing-library/dom/dist/query-helpers.js:95:19
 ❯ src/test/land-use-implementation-report-custody.test.tsx:128:19
    126|   ] as const)("withholds %s without substituting live values", async (…
    127|     change(); await show();
    128|     expect(screen.getByRole("alert")).toHaveTextContent("does not matc…
       |                   ^
    129|     expect(screen.getByRole("alert")).toHaveTextContent("This does not…
    130|     for (const value of ["SYNTHETIC saved action", "SYNTHETIC adopted …

⎯⎯⎯⎯⎯⎯⎯⎯⎯⎯⎯⎯⎯⎯⎯⎯⎯⎯⎯⎯⎯⎯⎯[6/37]⎯

 FAIL  src/test/land-use-implementation-report-custody.test.tsx > implementation report retains verified history > withholds wrong adopted hash without substituting live values
TestingLibraryElementError: Unable to find an accessible element with the role "alert"

Here are the accessible roles:

  banner:

  Name "":
  [36m<header[39m
    [33mclass[39m=[32m"border-b pb-7"[39m
  [36m/>[39m

  --------------------------------------------------
  paragraph:

  Name "":
  [36m<p[39m
    [33mclass[39m=[32m"text-sm font-semibold uppercase tracking-wide text-muted-foreground"[39m
  [36m/>[39m

  Name "":
  [36m<p[39m
    [33mclass[39m=[32m"mt-3 text-lg"[39m
  [36m/>[39m

  Name "":
  [36m<p[39m
    [33mclass[39m=[32m"mt-1 text-muted-foreground"[39m
  [36m/>[39m

  Name "":
  [36m<p[39m
    [33mclass[39m=[32m"mt-4"[39m
  [36m/>[39m

  Name "":
  [36m<p[39m
    [33mclass[39m=[32m"mt-2"[39m
  [36m/>[39m

  Name "":
  [36m<p[39m
    [33mclass[39m=[32m"mt-2 break-all text-xs text-muted-foreground"[39m
  [36m/>[39m

  Name "":
  [36m<p[39m
    [33mclass[39m=[32m"mt-1 text-sm"[39m
  [36m/>[39m

  Name "":
  [36m<p[39m
    [33mclass[39m=[32m"mt-2"[39m
  [36m/>[39m

  Name "":
  [36m<p />[39m

  Name "":
  [36m<p[39m
    [33mclass[39m=[32m"mt-2 break-all"[39m
  [36m/>[39m

  --------------------------------------------------
  heading:

  Name "SYNTHETIC implementation report":
  [36m<h1[39m
    [33mclass[39m=[32m"mt-2 text-4xl font-semibold"[39m
  [36m/>[39m

  Name "Reporting period":
  [36m<h2[39m
    [33mclass[39m=[32m"text-2xl font-semibold"[39m
  [36m/>[39m

  Name "Frozen action-status snapshot":
  [36m<h2[39m
    [33mclass[39m=[32m"text-2xl font-semibold"[39m
  [36m/>[39m

  Name "SYNTHETIC saved action":
  [36m<h3[39m
    [33mclass[39m=[32m"font-semibold"[39m
  [36m/>[39m

  --------------------------------------------------
  button:

  Name "Print report":
  [36m<button[39m
    [33mclass[39m=[32m"inline-flex items-center justify-center gap-2 whitespace-nowrap border text-sm font-semibold transition-all duration-200 disabled:pointer-events-none disabled:opacity-50 [&_svg]:pointer-events-none [&_svg:not([class*='size-'])]:size-4 shrink-0 [&_svg]:shrink-0 outline-none focus-visible:outline-none focus-visible:ring-3 focus-visible:ring-offset-2 focus-visible:ring-offset-background border-primary/12 bg-primary text-primary-foreground hover:bg-[color:var(--pine-deep)] focus-visible:ring-[color:var(--focus-ring-light)]/45 h-10 px-4.5 py-2 has-[>svg]:px-3.5"[39m
    [33mdata-size[39m=[32m"default"[39m
    [33mdata-slot[39m=[32m"button"[39m
    [33mdata-variant[39m=[32m"default"[39m
  [36m/>[39m

  --------------------------------------------------
  link:

  Name "Download source JSON":
  [36m<a[39m
    [33mclass[39m=[32m"inline-flex items-center justify-center gap-2 whitespace-nowrap border text-sm font-semibold transition-all duration-200 disabled:pointer-events-none disabled:opacity-50 [&_svg]:pointer-events-none [&_svg:not([class*='size-'])]:size-4 shrink-0 [&_svg]:shrink-0 outline-none focus-visible:outline-none focus-visible:ring-3 focus-visible:ring-offset-2 focus-visible:ring-offset-background border-[color:color-mix(in_srgb,var(--line)_84%,var(--ink)_16%)] bg-background text-[color:var(--ink)] hover:border-[color:var(--pine)] hover:bg-[color:color-mix(in_srgb,var(--pine)_8%,var(--background))] hover:text-[color:var(--pine-deep)] focus-visible:ring-[color:var(--focus-ring-light)]/45 h-10 px-4.5 py-2 has-[>svg]:px-3.5"[39m
    [33mdata-size[39m=[32m"default"[39m
    [33mdata-slot[39m=[32m"button"[39m
    [33mdata-variant[39m=[32m"outline"[39m
    [33mdownload[39m=[32m"openplan-report-23000000-0000-4000-8000-000000000003-provenance.json"[39m
    [33mhref[39m=[32m"/api/reports/23000000-0000-4000-8000-000000000003/provenance"[39m
  [36m/>[39m

  Name "Open plan workbench":
  [36m<a[39m
    [33mclass[39m=[32m"inline-flex items-center justify-center gap-2 whitespace-nowrap border text-sm font-semibold transition-all duration-200 disabled:pointer-events-none disabled:opacity-50 [&_svg]:pointer-events-none [&_svg:not([class*='size-'])]:size-4 shrink-0 [&_svg]:shrink-0 outline-none focus-visible:outline-none focus-visible:ring-3 focus-visible:ring-offset-2 focus-visible:ring-offset-background border-[color:color-mix(in_srgb,var(--line)_84%,var(--ink)_16%)] bg-background text-[color:var(--ink)] hover:border-[color:var(--pine)] hover:bg-[color:color-mix(in_srgb,var(--pine)_8%,var(--background))] hover:text-[color:var(--pine-deep)] focus-visible:ring-[color:var(--focus-ring-light)]/45 h-10 px-4.5 py-2 has-[>svg]:px-3.5"[39m
    [33mdata-size[39m=[32m"default"[39m
    [33mdata-slot[39m=[32m"button"[39m
    [33mdata-variant[39m=[32m"outline"[39m
    [33mhref[39m=[32m"/land-use-plans/23000000-0000-4000-8000-000000000001"[39m
  [36m/>[39m

  --------------------------------------------------
  article:

  Name "":
  [36m<article[39m
    [33mclass[39m=[32m"mt-4 rounded-lg border p-4"[39m
  [36m/>[39m

  --------------------------------------------------
  term:

  Name "":
  [36m<dt[39m
    [33mclass[39m=[32m"text-muted-foreground"[39m
  [36m/>[39m

  Name "":
  [36m<dt[39m
    [33mclass[39m=[32m"text-muted-foreground"[39m
  [36m/>[39m

  --------------------------------------------------
  definition:

  Name "":
  [36m<dd />[39m

  Name "":
  [36m<dd />[39m

  --------------------------------------------------
  contentinfo:

  Name "":
  [36m<footer[39m
    [33mclass[39m=[32m"mt-10 border-t pt-5 text-xs text-muted-foreground"[39m
  [36m/>[39m

  --------------------------------------------------

Ignored nodes: comments, script, style
[36m<body>[39m
  [36m<div>[39m
    [36m<div[39m
      [33mclass[39m=[32m"mx-auto min-w-0 w-full max-w-4xl [overflow-wrap:anywhere] p-5 md:p-10 print:max-w-none print:p-0"[39m
    [36m>[39m
      [36m<header[39m
        [33mclass[39m=[32m"border-b pb-7"[39m
      [36m>[39m
        [36m<p[39m
          [33mclass[39m=[32m"text-sm font-semibold uppercase tracking-wide text-muted-foreground"[39m
        [36m>[39m
          [0mImplementation report[0m
        [36m</p>[39m
        [36m<h1[39m
          [33mclass[39m=[32m"mt-2 text-4xl font-semibold"[39m
        [36m>[39m
          [0mSYNTHETIC implementation report[0m
        [36m</h1>[39m
        [36m<p[39m
          [33mclass[39m=[32m"mt-3 text-lg"[39m
        [36m>[39m
          [0mSYNTHETIC later title[0m
        [36m</p>[39m
        [36m<p[39m
          [33mclass[39m=[32m"mt-1 text-muted-foreground"[39m
        [36m>[39m
          [0mSYNTHETIC later authority[0m
          [0m · [0m
          [0mSYNTHETIC later geography[0m
        [36m</p>[39m
        [36m<p[39m
          [33mclass[39m=[32m"mt-4"[39m
        [36m>[39m
          [0mSYNTHETIC later report summary[0m
        [36m</p>[39m
        [36m<div[39m
          [33mclass[39m=[32m"mt-5 flex flex-wrap gap-3 print:hidden"[39m
        [36m>[39m
          [36m<button[39m
            [33mclass[39m=[32m"inline-flex items-center justify-center gap-2 whitespace-nowrap border text-sm font-semibold transition-all duration-200 disabled:pointer-events-none disabled:opacity-50 [&_svg]:pointer-events-none [&_svg:not([class*='size-'])]:size-4 shrink-0 [&_svg]:shrink-0 outline-none focus-visible:outline-none focus-visible:ring-3 focus-visible:ring-offset-2 focus-visible:ring-offset-background border-primary/12 bg-primary text-primary-foreground hover:bg-[color:var(--pine-deep)] focus-visible:ring-[color:var(--focus-ring-light)]/45 h-10 px-4.5 py-2 has-[>svg]:px-3.5"[39m
            [33mdata-size[39m=[32m"default"[39m
            [33mdata-slot[39m=[32m"button"[39m
            [33mdata-variant[39m=[32m"default"[39m
          [36m>[39m
            [0mPrint report[0m
          [36m</button>[39m
          [36m<a[39m
            [33mclass[39m=[32m"inline-flex items-center justify-center gap-2 whitespace-nowrap border text-sm font-semibold transition-all duration-200 disabled:pointer-events-none disabled:opacity-50 [&_svg]:pointer-events-none [&_svg:not([class*='size-'])]:size-4 shrink-0 [&_svg]:shrink-0 outline-none focus-visible:outline-none focus-visible:ring-3 focus-visible:ring-offset-2 focus-visible:ring-offset-background border-[color:color-mix(in_srgb,var(--line)_84%,var(--ink)_16%)] bg-background text-[color:var(--ink)] hover:border-[color:var(--pine)] hover:bg-[color:color-mix(in_srgb,var(--pine)_8%,var(--background))] hover:text-[color:var(--pine-deep)] focus-visible:ring-[color:var(--focus-ring-light)]/45 h-10 px-4.5 py-2 has-[>svg]:px-3.5"[39m
            [33mdata-size[39m=[32m"default"[39m
            [33mdata-slot[39m=[32m"button"[39m
            [33mdata-variant[39m=[32m"outline"[39m
            [33mdownload[39m=[32m"openplan-report-23000000-0000-4000-8000-000000000003-provenance.json"[39m
            [33mhref[39m=[32m"/api/reports/23000000-0000-4000-8000-000000000003/provenance"[39m
          [36m>[39m
            [0mDownload source JSON[0m
          [36m</a>[39m
          [36m<a[39m
            [33mclass[39m=[32m"inline-flex items-center justify-center gap-2 whitespace-nowrap border text-sm font-semibold transition-all duration-200 disabled:pointer-events-none disabled:opacity-50 [&_svg]:pointer-events-none [&_svg:not([class*='size-'])]:size-4 shrink-0 [&_svg]:shrink-0 outline-none focus-visible:outline-none focus-visible:ring-3 focus-visible:ring-offset-2 focus-visible:ring-offset-background border-[color:color-mix(in_srgb,var(--line)_84%,var(--ink)_16%)] bg-background text-[color:var(--ink)] hover:border-[color:var(--pine)] hover:bg-[color:color-mix(in_srgb,var(--pine)_8%,var(--background))] hover:text-[color:var(--pine-deep)] focus-visible:ring-[color:var(--focus-ring-light)]/45 h-10 px-4.5 py-2 has-[>svg]:px-3.5"[39m
            [33mdata-size[39m=[32m"default"[39m
            [33mdata-slot[39m=[32m"button"[39m
            [33mdata-variant[39m=[32m"outline"[39m
            [33mhref[39m=[32m"/land-use-plans/23000000-0000-4000-8000-000000000001"[39m
          [36m>[39m
            [0mOpen plan workbench[0m
          [36m</a>[39m
        [36m</div>[39m
      [36m</header>[39m
      [36m<section[39m
        [33mclass[39m=[32m"mt-8"[39m
      [36m>[39m
        [36m<h2[39m
          [33mclass[39m=[32m"text-2xl font-semibold"[39m
        [36m>[39m
          [0mReporting period[0m
        [36m</h2>[39m
        [36m<p[39m
          [33mclass[39m=[32m"mt-2"[39m
        [36m>[39m
          [0m2026-01-01[0m
          [0m through [0m
          [0m2026-09-30[0m
        [36m</p>[39m
        [36m<p[39m
          [33mclass[39m=[32m"mt-2 break-all text-xs text-muted-foreground"[39m
        [36m>[39m
          [0mAdopted plan hash: [0m
          [0mbbbbbbbbbbbbbbbbbbbbbbbbbbbbbbbbbbbbbbbbbbbbbbbbbbbbbbbbbbbbbbbb[0m
        [36m</p>[39m
      [36m</section>[39m
      [36m<section[39m
        [33mclass[39m=[32m"mt-9 border-t pt-7"[39m
      [36m>[39m
        [36m<h2[39m
          [33mclass[39m=[32m"text-2xl font-semibold"[39m
        [36m>[39m
          [0mFrozen action-status snapshot[0m
        [36m</h2>[39m
        [36m<article[39m
          [33mclass[39m=[32m"mt-4 rounded-lg border p-4"[39m
        [36m>[39m
          [36m<h3[39m
            [33mclass[39m=[32m"font-semibold"[39m
          [36m>[39m
            [0mSYNTHETIC saved action[0m
          [36m</h3>[39m
          [36m<p[39m
            [33mclass[39m=[32m"mt-1 text-sm"[39m
          [36m>[39m
            [0mStatus: [0m
            [0mcompleted[0m
            [0m · due 2026-12-01[0m
          [36m</p>[39m
          [36m<p[39m
            [33mclass[39m=[32m"mt-2"[39m
          [36m>[39m
            [0mRetained implementation detail[0m
          [36m</p>[39m
          [36m<dl[39m
            [33mclass[39m=[32m"mt-3 grid gap-3 text-sm sm:grid-cols-2"[39m
          [36m>[39m
            [36m<div>[39m
              [36m<dt[39m
                [33mclass[39m=[32m"text-muted-foreground"[39m
              [36m>[39m
                [0mResponsible party at reporting[0m
              [36m</dt>[39m
              [36m<dd>[39m
                [0mSYNTHETIC responsible team[0m
              [36m</dd>[39m
            [36m</div>[39m
            [36m<div>[39m
              [36m<dt[39m
                [33mclass[39m=[32m"text-muted-foreground"[39m
              [36m>[39m
                [0mLast action update retained[0m
              [36m</dt>[39m
              [36m<dd>[39m
                [0m2026-09-29T12:34:56+00:00[0m
              [36m</dd>[39m
            [36m</div>[39m
          [36m</dl>[39m
        [36m</article>[39m
      [36m</section>[39m
      [36m<footer[39m
        [33mclass[39m=[32m"mt-10 border-t pt-5 text-xs text-muted-foreground"[39m
      [36m>[39m
        [36m<p>[39m
          [0mGenerated [0m
          [0m2026-10-07[0m
          [0m. Consultation details, confidential notes, and sensitive-location flags are not part of this report.[0m
        [36m</p>[39m
        [36m<p[39m
          [33mclass[39m=[32m"mt-2 break-all"[39m
        [36m>[39m
          [0mReport ID [0m
          [0m23000000-0000-4000-8000-000000000003[0m
        [36m</p>[39m
      [36m</footer>[39m
    [36m</div>[39m
  [36m</div>[39m
[36m</body>[39m
 ❯ Object.getElementError ../../land-use-plan-context-20261007/openplan/node_modules/@testing-library/dom/dist/config.js:37:19
 ❯ ../../land-use-plan-context-20261007/openplan/node_modules/@testing-library/dom/dist/query-helpers.js:76:38
 ❯ ../../land-use-plan-context-20261007/openplan/node_modules/@testing-library/dom/dist/query-helpers.js:52:17
 ❯ ../../land-use-plan-context-20261007/openplan/node_modules/@testing-library/dom/dist/query-helpers.js:95:19
 ❯ src/test/land-use-implementation-report-custody.test.tsx:128:19
    126|   ] as const)("withholds %s without substituting live values", async (…
    127|     change(); await show();
    128|     expect(screen.getByRole("alert")).toHaveTextContent("does not matc…
       |                   ^
    129|     expect(screen.getByRole("alert")).toHaveTextContent("This does not…
    130|     for (const value of ["SYNTHETIC saved action", "SYNTHETIC adopted …

⎯⎯⎯⎯⎯⎯⎯⎯⎯⎯⎯⎯⎯⎯⎯⎯⎯⎯⎯⎯⎯⎯⎯[7/37]⎯

 FAIL  src/test/land-use-implementation-report-custody.test.tsx > implementation report retains verified history > withholds changed artifact action without substituting live values
TestingLibraryElementError: Unable to find an accessible element with the role "alert"

Here are the accessible roles:

  banner:

  Name "":
  [36m<header[39m
    [33mclass[39m=[32m"border-b pb-7"[39m
  [36m/>[39m

  --------------------------------------------------
  paragraph:

  Name "":
  [36m<p[39m
    [33mclass[39m=[32m"text-sm font-semibold uppercase tracking-wide text-muted-foreground"[39m
  [36m/>[39m

  Name "":
  [36m<p[39m
    [33mclass[39m=[32m"mt-3 text-lg"[39m
  [36m/>[39m

  Name "":
  [36m<p[39m
    [33mclass[39m=[32m"mt-1 text-muted-foreground"[39m
  [36m/>[39m

  Name "":
  [36m<p[39m
    [33mclass[39m=[32m"mt-4"[39m
  [36m/>[39m

  Name "":
  [36m<p[39m
    [33mclass[39m=[32m"mt-2"[39m
  [36m/>[39m

  Name "":
  [36m<p[39m
    [33mclass[39m=[32m"mt-2 break-all text-xs text-muted-foreground"[39m
  [36m/>[39m

  Name "":
  [36m<p[39m
    [33mclass[39m=[32m"mt-1 text-sm"[39m
  [36m/>[39m

  Name "":
  [36m<p[39m
    [33mclass[39m=[32m"mt-2"[39m
  [36m/>[39m

  Name "":
  [36m<p />[39m

  Name "":
  [36m<p[39m
    [33mclass[39m=[32m"mt-2 break-all"[39m
  [36m/>[39m

  --------------------------------------------------
  heading:

  Name "SYNTHETIC implementation report":
  [36m<h1[39m
    [33mclass[39m=[32m"mt-2 text-4xl font-semibold"[39m
  [36m/>[39m

  Name "Reporting period":
  [36m<h2[39m
    [33mclass[39m=[32m"text-2xl font-semibold"[39m
  [36m/>[39m

  Name "Frozen action-status snapshot":
  [36m<h2[39m
    [33mclass[39m=[32m"text-2xl font-semibold"[39m
  [36m/>[39m

  Name "SYNTHETIC saved action":
  [36m<h3[39m
    [33mclass[39m=[32m"font-semibold"[39m
  [36m/>[39m

  --------------------------------------------------
  button:

  Name "Print report":
  [36m<button[39m
    [33mclass[39m=[32m"inline-flex items-center justify-center gap-2 whitespace-nowrap border text-sm font-semibold transition-all duration-200 disabled:pointer-events-none disabled:opacity-50 [&_svg]:pointer-events-none [&_svg:not([class*='size-'])]:size-4 shrink-0 [&_svg]:shrink-0 outline-none focus-visible:outline-none focus-visible:ring-3 focus-visible:ring-offset-2 focus-visible:ring-offset-background border-primary/12 bg-primary text-primary-foreground hover:bg-[color:var(--pine-deep)] focus-visible:ring-[color:var(--focus-ring-light)]/45 h-10 px-4.5 py-2 has-[>svg]:px-3.5"[39m
    [33mdata-size[39m=[32m"default"[39m
    [33mdata-slot[39m=[32m"button"[39m
    [33mdata-variant[39m=[32m"default"[39m
  [36m/>[39m

  --------------------------------------------------
  link:

  Name "Download source JSON":
  [36m<a[39m
    [33mclass[39m=[32m"inline-flex items-center justify-center gap-2 whitespace-nowrap border text-sm font-semibold transition-all duration-200 disabled:pointer-events-none disabled:opacity-50 [&_svg]:pointer-events-none [&_svg:not([class*='size-'])]:size-4 shrink-0 [&_svg]:shrink-0 outline-none focus-visible:outline-none focus-visible:ring-3 focus-visible:ring-offset-2 focus-visible:ring-offset-background border-[color:color-mix(in_srgb,var(--line)_84%,var(--ink)_16%)] bg-background text-[color:var(--ink)] hover:border-[color:var(--pine)] hover:bg-[color:color-mix(in_srgb,var(--pine)_8%,var(--background))] hover:text-[color:var(--pine-deep)] focus-visible:ring-[color:var(--focus-ring-light)]/45 h-10 px-4.5 py-2 has-[>svg]:px-3.5"[39m
    [33mdata-size[39m=[32m"default"[39m
    [33mdata-slot[39m=[32m"button"[39m
    [33mdata-variant[39m=[32m"outline"[39m
    [33mdownload[39m=[32m"openplan-report-23000000-0000-4000-8000-000000000003-provenance.json"[39m
    [33mhref[39m=[32m"/api/reports/23000000-0000-4000-8000-000000000003/provenance"[39m
  [36m/>[39m

  Name "Open plan workbench":
  [36m<a[39m
    [33mclass[39m=[32m"inline-flex items-center justify-center gap-2 whitespace-nowrap border text-sm font-semibold transition-all duration-200 disabled:pointer-events-none disabled:opacity-50 [&_svg]:pointer-events-none [&_svg:not([class*='size-'])]:size-4 shrink-0 [&_svg]:shrink-0 outline-none focus-visible:outline-none focus-visible:ring-3 focus-visible:ring-offset-2 focus-visible:ring-offset-background border-[color:color-mix(in_srgb,var(--line)_84%,var(--ink)_16%)] bg-background text-[color:var(--ink)] hover:border-[color:var(--pine)] hover:bg-[color:color-mix(in_srgb,var(--pine)_8%,var(--background))] hover:text-[color:var(--pine-deep)] focus-visible:ring-[color:var(--focus-ring-light)]/45 h-10 px-4.5 py-2 has-[>svg]:px-3.5"[39m
    [33mdata-size[39m=[32m"default"[39m
    [33mdata-slot[39m=[32m"button"[39m
    [33mdata-variant[39m=[32m"outline"[39m
    [33mhref[39m=[32m"/land-use-plans/23000000-0000-4000-8000-000000000001"[39m
  [36m/>[39m

  --------------------------------------------------
  article:

  Name "":
  [36m<article[39m
    [33mclass[39m=[32m"mt-4 rounded-lg border p-4"[39m
  [36m/>[39m

  --------------------------------------------------
  term:

  Name "":
  [36m<dt[39m
    [33mclass[39m=[32m"text-muted-foreground"[39m
  [36m/>[39m

  Name "":
  [36m<dt[39m
    [33mclass[39m=[32m"text-muted-foreground"[39m
  [36m/>[39m

  --------------------------------------------------
  definition:

  Name "":
  [36m<dd />[39m

  Name "":
  [36m<dd />[39m

  --------------------------------------------------
  contentinfo:

  Name "":
  [36m<footer[39m
    [33mclass[39m=[32m"mt-10 border-t pt-5 text-xs text-muted-foreground"[39m
  [36m/>[39m

  --------------------------------------------------

Ignored nodes: comments, script, style
[36m<body>[39m
  [36m<div>[39m
    [36m<div[39m
      [33mclass[39m=[32m"mx-auto min-w-0 w-full max-w-4xl [overflow-wrap:anywhere] p-5 md:p-10 print:max-w-none print:p-0"[39m
    [36m>[39m
      [36m<header[39m
        [33mclass[39m=[32m"border-b pb-7"[39m
      [36m>[39m
        [36m<p[39m
          [33mclass[39m=[32m"text-sm font-semibold uppercase tracking-wide text-muted-foreground"[39m
        [36m>[39m
          [0mImplementation report[0m
        [36m</p>[39m
        [36m<h1[39m
          [33mclass[39m=[32m"mt-2 text-4xl font-semibold"[39m
        [36m>[39m
          [0mSYNTHETIC implementation report[0m
        [36m</h1>[39m
        [36m<p[39m
          [33mclass[39m=[32m"mt-3 text-lg"[39m
        [36m>[39m
          [0mSYNTHETIC later title[0m
        [36m</p>[39m
        [36m<p[39m
          [33mclass[39m=[32m"mt-1 text-muted-foreground"[39m
        [36m>[39m
          [0mSYNTHETIC later authority[0m
          [0m · [0m
          [0mSYNTHETIC later geography[0m
        [36m</p>[39m
        [36m<p[39m
          [33mclass[39m=[32m"mt-4"[39m
        [36m>[39m
          [0mSYNTHETIC later report summary[0m
        [36m</p>[39m
        [36m<div[39m
          [33mclass[39m=[32m"mt-5 flex flex-wrap gap-3 print:hidden"[39m
        [36m>[39m
          [36m<button[39m
            [33mclass[39m=[32m"inline-flex items-center justify-center gap-2 whitespace-nowrap border text-sm font-semibold transition-all duration-200 disabled:pointer-events-none disabled:opacity-50 [&_svg]:pointer-events-none [&_svg:not([class*='size-'])]:size-4 shrink-0 [&_svg]:shrink-0 outline-none focus-visible:outline-none focus-visible:ring-3 focus-visible:ring-offset-2 focus-visible:ring-offset-background border-primary/12 bg-primary text-primary-foreground hover:bg-[color:var(--pine-deep)] focus-visible:ring-[color:var(--focus-ring-light)]/45 h-10 px-4.5 py-2 has-[>svg]:px-3.5"[39m
            [33mdata-size[39m=[32m"default"[39m
            [33mdata-slot[39m=[32m"button"[39m
            [33mdata-variant[39m=[32m"default"[39m
          [36m>[39m
            [0mPrint report[0m
          [36m</button>[39m
          [36m<a[39m
            [33mclass[39m=[32m"inline-flex items-center justify-center gap-2 whitespace-nowrap border text-sm font-semibold transition-all duration-200 disabled:pointer-events-none disabled:opacity-50 [&_svg]:pointer-events-none [&_svg:not([class*='size-'])]:size-4 shrink-0 [&_svg]:shrink-0 outline-none focus-visible:outline-none focus-visible:ring-3 focus-visible:ring-offset-2 focus-visible:ring-offset-background border-[color:color-mix(in_srgb,var(--line)_84%,var(--ink)_16%)] bg-background text-[color:var(--ink)] hover:border-[color:var(--pine)] hover:bg-[color:color-mix(in_srgb,var(--pine)_8%,var(--background))] hover:text-[color:var(--pine-deep)] focus-visible:ring-[color:var(--focus-ring-light)]/45 h-10 px-4.5 py-2 has-[>svg]:px-3.5"[39m
            [33mdata-size[39m=[32m"default"[39m
            [33mdata-slot[39m=[32m"button"[39m
            [33mdata-variant[39m=[32m"outline"[39m
            [33mdownload[39m=[32m"openplan-report-23000000-0000-4000-8000-000000000003-provenance.json"[39m
            [33mhref[39m=[32m"/api/reports/23000000-0000-4000-8000-000000000003/provenance"[39m
          [36m>[39m
            [0mDownload source JSON[0m
          [36m</a>[39m
          [36m<a[39m
            [33mclass[39m=[32m"inline-flex items-center justify-center gap-2 whitespace-nowrap border text-sm font-semibold transition-all duration-200 disabled:pointer-events-none disabled:opacity-50 [&_svg]:pointer-events-none [&_svg:not([class*='size-'])]:size-4 shrink-0 [&_svg]:shrink-0 outline-none focus-visible:outline-none focus-visible:ring-3 focus-visible:ring-offset-2 focus-visible:ring-offset-background border-[color:color-mix(in_srgb,var(--line)_84%,var(--ink)_16%)] bg-background text-[color:var(--ink)] hover:border-[color:var(--pine)] hover:bg-[color:color-mix(in_srgb,var(--pine)_8%,var(--background))] hover:text-[color:var(--pine-deep)] focus-visible:ring-[color:var(--focus-ring-light)]/45 h-10 px-4.5 py-2 has-[>svg]:px-3.5"[39m
            [33mdata-size[39m=[32m"default"[39m
            [33mdata-slot[39m=[32m"button"[39m
            [33mdata-variant[39m=[32m"outline"[39m
            [33mhref[39m=[32m"/land-use-plans/23000000-0000-4000-8000-000000000001"[39m
          [36m>[39m
            [0mOpen plan workbench[0m
          [36m</a>[39m
        [36m</div>[39m
      [36m</header>[39m
      [36m<section[39m
        [33mclass[39m=[32m"mt-8"[39m
      [36m>[39m
        [36m<h2[39m
          [33mclass[39m=[32m"text-2xl font-semibold"[39m
        [36m>[39m
          [0mReporting period[0m
        [36m</h2>[39m
        [36m<p[39m
          [33mclass[39m=[32m"mt-2"[39m
        [36m>[39m
          [0m2026-01-01[0m
          [0m through [0m
          [0m2026-09-30[0m
        [36m</p>[39m
        [36m<p[39m
          [33mclass[39m=[32m"mt-2 break-all text-xs text-muted-foreground"[39m
        [36m>[39m
          [0mAdopted plan hash: [0m
          [0m9e0fff784858b8d8ee2b58d6bd2d1b96fcdd221c31de97d2d858542eef5bdf05[0m
        [36m</p>[39m
      [36m</section>[39m
      [36m<section[39m
        [33mclass[39m=[32m"mt-9 border-t pt-7"[39m
      [36m>[39m
        [36m<h2[39m
          [33mclass[39m=[32m"text-2xl font-semibold"[39m
        [36m>[39m
          [0mFrozen action-status snapshot[0m
        [36m</h2>[39m
        [36m<article[39m
          [33mclass[39m=[32m"mt-4 rounded-lg border p-4"[39m
        [36m>[39m
          [36m<h3[39m
            [33mclass[39m=[32m"font-semibold"[39m
          [36m>[39m
            [0mSYNTHETIC saved action[0m
          [36m</h3>[39m
          [36m<p[39m
            [33mclass[39m=[32m"mt-1 text-sm"[39m
          [36m>[39m
            [0mStatus: [0m
            [0mdeferred[0m
            [0m · due 2026-12-01[0m
          [36m</p>[39m
          [36m<p[39m
            [33mclass[39m=[32m"mt-2"[39m
          [36m>[39m
            [0mRetained implementation detail[0m
          [36m</p>[39m
          [36m<dl[39m
            [33mclass[39m=[32m"mt-3 grid gap-3 text-sm sm:grid-cols-2"[39m
          [36m>[39m
            [36m<div>[39m
              [36m<dt[39m
                [33mclass[39m=[32m"text-muted-foreground"[39m
              [36m>[39m
                [0mResponsible party at reporting[0m
              [36m</dt>[39m
              [36m<dd>[39m
                [0mSYNTHETIC responsible team[0m
              [36m</dd>[39m
            [36m</div>[39m
            [36m<div>[39m
              [36m<dt[39m
                [33mclass[39m=[32m"text-muted-foreground"[39m
              [36m>[39m
                [0mLast action update retained[0m
              [36m</dt>[39m
              [36m<dd>[39m
                [0m2026-09-29T12:34:56+00:00[0m
              [36m</dd>[39m
            [36m</div>[39m
          [36m</dl>[39m
        [36m</article>[39m
      [36m</section>[39m
      [36m<footer[39m
        [33mclass[39m=[32m"mt-10 border-t pt-5 text-xs text-muted-foreground"[39m
      [36m>[39m
        [36m<p>[39m
          [0mGenerated [0m
          [0m2026-10-07[0m
          [0m. Consultation details, confidential notes, and sensitive-location flags are not part of this report.[0m
        [36m</p>[39m
        [36m<p[39m
          [33mclass[39m=[32m"mt-2 break-all"[39m
        [36m>[39m
          [0mReport ID [0m
          [0m23000000-0000-4000-8000-000000000003[0m
        [36m</p>[39m
      [36m</footer>[39m
    [36m</div>[39m
  [36m</div>[39m
[36m</body>[39m
 ❯ Object.getElementError ../../land-use-plan-context-20261007/openplan/node_modules/@testing-library/dom/dist/config.js:37:19
 ❯ ../../land-use-plan-context-20261007/openplan/node_modules/@testing-library/dom/dist/query-helpers.js:76:38
 ❯ ../../land-use-plan-context-20261007/openplan/node_modules/@testing-library/dom/dist/query-helpers.js:52:17
 ❯ ../../land-use-plan-context-20261007/openplan/node_modules/@testing-library/dom/dist/query-helpers.js:95:19
 ❯ src/test/land-use-implementation-report-custody.test.tsx:128:19
    126|   ] as const)("withholds %s without substituting live values", async (…
    127|     change(); await show();
    128|     expect(screen.getByRole("alert")).toHaveTextContent("does not matc…
       |                   ^
    129|     expect(screen.getByRole("alert")).toHaveTextContent("This does not…
    130|     for (const value of ["SYNTHETIC saved action", "SYNTHETIC adopted …

⎯⎯⎯⎯⎯⎯⎯⎯⎯⎯⎯⎯⎯⎯⎯⎯⎯⎯⎯⎯⎯⎯⎯[8/37]⎯

 FAIL  src/test/land-use-implementation-report-custody.test.tsx > implementation report retains verified history > withholds changed artifact owner without substituting live values
TestingLibraryElementError: Unable to find an accessible element with the role "alert"

Here are the accessible roles:

  banner:

  Name "":
  [36m<header[39m
    [33mclass[39m=[32m"border-b pb-7"[39m
  [36m/>[39m

  --------------------------------------------------
  paragraph:

  Name "":
  [36m<p[39m
    [33mclass[39m=[32m"text-sm font-semibold uppercase tracking-wide text-muted-foreground"[39m
  [36m/>[39m

  Name "":
  [36m<p[39m
    [33mclass[39m=[32m"mt-3 text-lg"[39m
  [36m/>[39m

  Name "":
  [36m<p[39m
    [33mclass[39m=[32m"mt-1 text-muted-foreground"[39m
  [36m/>[39m

  Name "":
  [36m<p[39m
    [33mclass[39m=[32m"mt-4"[39m
  [36m/>[39m

  Name "":
  [36m<p[39m
    [33mclass[39m=[32m"mt-2"[39m
  [36m/>[39m

  Name "":
  [36m<p[39m
    [33mclass[39m=[32m"mt-2 break-all text-xs text-muted-foreground"[39m
  [36m/>[39m

  Name "":
  [36m<p[39m
    [33mclass[39m=[32m"mt-1 text-sm"[39m
  [36m/>[39m

  Name "":
  [36m<p[39m
    [33mclass[39m=[32m"mt-2"[39m
  [36m/>[39m

  Name "":
  [36m<p />[39m

  Name "":
  [36m<p[39m
    [33mclass[39m=[32m"mt-2 break-all"[39m
  [36m/>[39m

  --------------------------------------------------
  heading:

  Name "SYNTHETIC implementation report":
  [36m<h1[39m
    [33mclass[39m=[32m"mt-2 text-4xl font-semibold"[39m
  [36m/>[39m

  Name "Reporting period":
  [36m<h2[39m
    [33mclass[39m=[32m"text-2xl font-semibold"[39m
  [36m/>[39m

  Name "Frozen action-status snapshot":
  [36m<h2[39m
    [33mclass[39m=[32m"text-2xl font-semibold"[39m
  [36m/>[39m

  Name "SYNTHETIC saved action":
  [36m<h3[39m
    [33mclass[39m=[32m"font-semibold"[39m
  [36m/>[39m

  --------------------------------------------------
  button:

  Name "Print report":
  [36m<button[39m
    [33mclass[39m=[32m"inline-flex items-center justify-center gap-2 whitespace-nowrap border text-sm font-semibold transition-all duration-200 disabled:pointer-events-none disabled:opacity-50 [&_svg]:pointer-events-none [&_svg:not([class*='size-'])]:size-4 shrink-0 [&_svg]:shrink-0 outline-none focus-visible:outline-none focus-visible:ring-3 focus-visible:ring-offset-2 focus-visible:ring-offset-background border-primary/12 bg-primary text-primary-foreground hover:bg-[color:var(--pine-deep)] focus-visible:ring-[color:var(--focus-ring-light)]/45 h-10 px-4.5 py-2 has-[>svg]:px-3.5"[39m
    [33mdata-size[39m=[32m"default"[39m
    [33mdata-slot[39m=[32m"button"[39m
    [33mdata-variant[39m=[32m"default"[39m
  [36m/>[39m

  --------------------------------------------------
  link:

  Name "Download source JSON":
  [36m<a[39m
    [33mclass[39m=[32m"inline-flex items-center justify-center gap-2 whitespace-nowrap border text-sm font-semibold transition-all duration-200 disabled:pointer-events-none disabled:opacity-50 [&_svg]:pointer-events-none [&_svg:not([class*='size-'])]:size-4 shrink-0 [&_svg]:shrink-0 outline-none focus-visible:outline-none focus-visible:ring-3 focus-visible:ring-offset-2 focus-visible:ring-offset-background border-[color:color-mix(in_srgb,var(--line)_84%,var(--ink)_16%)] bg-background text-[color:var(--ink)] hover:border-[color:var(--pine)] hover:bg-[color:color-mix(in_srgb,var(--pine)_8%,var(--background))] hover:text-[color:var(--pine-deep)] focus-visible:ring-[color:var(--focus-ring-light)]/45 h-10 px-4.5 py-2 has-[>svg]:px-3.5"[39m
    [33mdata-size[39m=[32m"default"[39m
    [33mdata-slot[39m=[32m"button"[39m
    [33mdata-variant[39m=[32m"outline"[39m
    [33mdownload[39m=[32m"openplan-report-23000000-0000-4000-8000-000000000003-provenance.json"[39m
    [33mhref[39m=[32m"/api/reports/23000000-0000-4000-8000-000000000003/provenance"[39m
  [36m/>[39m

  Name "Open plan workbench":
  [36m<a[39m
    [33mclass[39m=[32m"inline-flex items-center justify-center gap-2 whitespace-nowrap border text-sm font-semibold transition-all duration-200 disabled:pointer-events-none disabled:opacity-50 [&_svg]:pointer-events-none [&_svg:not([class*='size-'])]:size-4 shrink-0 [&_svg]:shrink-0 outline-none focus-visible:outline-none focus-visible:ring-3 focus-visible:ring-offset-2 focus-visible:ring-offset-background border-[color:color-mix(in_srgb,var(--line)_84%,var(--ink)_16%)] bg-background text-[color:var(--ink)] hover:border-[color:var(--pine)] hover:bg-[color:color-mix(in_srgb,var(--pine)_8%,var(--background))] hover:text-[color:var(--pine-deep)] focus-visible:ring-[color:var(--focus-ring-light)]/45 h-10 px-4.5 py-2 has-[>svg]:px-3.5"[39m
    [33mdata-size[39m=[32m"default"[39m
    [33mdata-slot[39m=[32m"button"[39m
    [33mdata-variant[39m=[32m"outline"[39m
    [33mhref[39m=[32m"/land-use-plans/23000000-0000-4000-8000-000000000001"[39m
  [36m/>[39m

  --------------------------------------------------
  article:

  Name "":
  [36m<article[39m
    [33mclass[39m=[32m"mt-4 rounded-lg border p-4"[39m
  [36m/>[39m

  --------------------------------------------------
  term:

  Name "":
  [36m<dt[39m
    [33mclass[39m=[32m"text-muted-foreground"[39m
  [36m/>[39m

  Name "":
  [36m<dt[39m
    [33mclass[39m=[32m"text-muted-foreground"[39m
  [36m/>[39m

  --------------------------------------------------
  definition:

  Name "":
  [36m<dd />[39m

  Name "":
  [36m<dd />[39m

  --------------------------------------------------
  contentinfo:

  Name "":
  [36m<footer[39m
    [33mclass[39m=[32m"mt-10 border-t pt-5 text-xs text-muted-foreground"[39m
  [36m/>[39m

  --------------------------------------------------

Ignored nodes: comments, script, style
[36m<body>[39m
  [36m<div>[39m
    [36m<div[39m
      [33mclass[39m=[32m"mx-auto min-w-0 w-full max-w-4xl [overflow-wrap:anywhere] p-5 md:p-10 print:max-w-none print:p-0"[39m
    [36m>[39m
      [36m<header[39m
        [33mclass[39m=[32m"border-b pb-7"[39m
      [36m>[39m
        [36m<p[39m
          [33mclass[39m=[32m"text-sm font-semibold uppercase tracking-wide text-muted-foreground"[39m
        [36m>[39m
          [0mImplementation report[0m
        [36m</p>[39m
        [36m<h1[39m
          [33mclass[39m=[32m"mt-2 text-4xl font-semibold"[39m
        [36m>[39m
          [0mSYNTHETIC implementation report[0m
        [36m</h1>[39m
        [36m<p[39m
          [33mclass[39m=[32m"mt-3 text-lg"[39m
        [36m>[39m
          [0mSYNTHETIC later title[0m
        [36m</p>[39m
        [36m<p[39m
          [33mclass[39m=[32m"mt-1 text-muted-foreground"[39m
        [36m>[39m
          [0mSYNTHETIC later authority[0m
          [0m · [0m
          [0mSYNTHETIC later geography[0m
        [36m</p>[39m
        [36m<p[39m
          [33mclass[39m=[32m"mt-4"[39m
        [36m>[39m
          [0mSYNTHETIC later report summary[0m
        [36m</p>[39m
        [36m<div[39m
          [33mclass[39m=[32m"mt-5 flex flex-wrap gap-3 print:hidden"[39m
        [36m>[39m
          [36m<button[39m
            [33mclass[39m=[32m"inline-flex items-center justify-center gap-2 whitespace-nowrap border text-sm font-semibold transition-all duration-200 disabled:pointer-events-none disabled:opacity-50 [&_svg]:pointer-events-none [&_svg:not([class*='size-'])]:size-4 shrink-0 [&_svg]:shrink-0 outline-none focus-visible:outline-none focus-visible:ring-3 focus-visible:ring-offset-2 focus-visible:ring-offset-background border-primary/12 bg-primary text-primary-foreground hover:bg-[color:var(--pine-deep)] focus-visible:ring-[color:var(--focus-ring-light)]/45 h-10 px-4.5 py-2 has-[>svg]:px-3.5"[39m
            [33mdata-size[39m=[32m"default"[39m
            [33mdata-slot[39m=[32m"button"[39m
            [33mdata-variant[39m=[32m"default"[39m
          [36m>[39m
            [0mPrint report[0m
          [36m</button>[39m
          [36m<a[39m
            [33mclass[39m=[32m"inline-flex items-center justify-center gap-2 whitespace-nowrap border text-sm font-semibold transition-all duration-200 disabled:pointer-events-none disabled:opacity-50 [&_svg]:pointer-events-none [&_svg:not([class*='size-'])]:size-4 shrink-0 [&_svg]:shrink-0 outline-none focus-visible:outline-none focus-visible:ring-3 focus-visible:ring-offset-2 focus-visible:ring-offset-background border-[color:color-mix(in_srgb,var(--line)_84%,var(--ink)_16%)] bg-background text-[color:var(--ink)] hover:border-[color:var(--pine)] hover:bg-[color:color-mix(in_srgb,var(--pine)_8%,var(--background))] hover:text-[color:var(--pine-deep)] focus-visible:ring-[color:var(--focus-ring-light)]/45 h-10 px-4.5 py-2 has-[>svg]:px-3.5"[39m
            [33mdata-size[39m=[32m"default"[39m
            [33mdata-slot[39m=[32m"button"[39m
            [33mdata-variant[39m=[32m"outline"[39m
            [33mdownload[39m=[32m"openplan-report-23000000-0000-4000-8000-000000000003-provenance.json"[39m
            [33mhref[39m=[32m"/api/reports/23000000-0000-4000-8000-000000000003/provenance"[39m
          [36m>[39m
            [0mDownload source JSON[0m
          [36m</a>[39m
          [36m<a[39m
            [33mclass[39m=[32m"inline-flex items-center justify-center gap-2 whitespace-nowrap border text-sm font-semibold transition-all duration-200 disabled:pointer-events-none disabled:opacity-50 [&_svg]:pointer-events-none [&_svg:not([class*='size-'])]:size-4 shrink-0 [&_svg]:shrink-0 outline-none focus-visible:outline-none focus-visible:ring-3 focus-visible:ring-offset-2 focus-visible:ring-offset-background border-[color:color-mix(in_srgb,var(--line)_84%,var(--ink)_16%)] bg-background text-[color:var(--ink)] hover:border-[color:var(--pine)] hover:bg-[color:color-mix(in_srgb,var(--pine)_8%,var(--background))] hover:text-[color:var(--pine-deep)] focus-visible:ring-[color:var(--focus-ring-light)]/45 h-10 px-4.5 py-2 has-[>svg]:px-3.5"[39m
            [33mdata-size[39m=[32m"default"[39m
            [33mdata-slot[39m=[32m"button"[39m
            [33mdata-variant[39m=[32m"outline"[39m
            [33mhref[39m=[32m"/land-use-plans/23000000-0000-4000-8000-000000000001"[39m
          [36m>[39m
            [0mOpen plan workbench[0m
          [36m</a>[39m
        [36m</div>[39m
      [36m</header>[39m
      [36m<section[39m
        [33mclass[39m=[32m"mt-8"[39m
      [36m>[39m
        [36m<h2[39m
          [33mclass[39m=[32m"text-2xl font-semibold"[39m
        [36m>[39m
          [0mReporting period[0m
        [36m</h2>[39m
        [36m<p[39m
          [33mclass[39m=[32m"mt-2"[39m
        [36m>[39m
          [0m2026-01-01[0m
          [0m through [0m
          [0m2026-09-30[0m
        [36m</p>[39m
        [36m<p[39m
          [33mclass[39m=[32m"mt-2 break-all text-xs text-muted-foreground"[39m
        [36m>[39m
          [0mAdopted plan hash: [0m
          [0m9e0fff784858b8d8ee2b58d6bd2d1b96fcdd221c31de97d2d858542eef5bdf05[0m
        [36m</p>[39m
      [36m</section>[39m
      [36m<section[39m
        [33mclass[39m=[32m"mt-9 border-t pt-7"[39m
      [36m>[39m
        [36m<h2[39m
          [33mclass[39m=[32m"text-2xl font-semibold"[39m
        [36m>[39m
          [0mFrozen action-status snapshot[0m
        [36m</h2>[39m
        [36m<article[39m
          [33mclass[39m=[32m"mt-4 rounded-lg border p-4"[39m
        [36m>[39m
          [36m<h3[39m
            [33mclass[39m=[32m"font-semibold"[39m
          [36m>[39m
            [0mSYNTHETIC saved action[0m
          [36m</h3>[39m
          [36m<p[39m
            [33mclass[39m=[32m"mt-1 text-sm"[39m
          [36m>[39m
            [0mStatus: [0m
            [0mcompleted[0m
            [0m · due 2026-12-01[0m
          [36m</p>[39m
          [36m<p[39m
            [33mclass[39m=[32m"mt-2"[39m
          [36m>[39m
            [0mRetained implementation detail[0m
          [36m</p>[39m
          [36m<dl[39m
            [33mclass[39m=[32m"mt-3 grid gap-3 text-sm sm:grid-cols-2"[39m
          [36m>[39m
            [36m<div>[39m
              [36m<dt[39m
                [33mclass[39m=[32m"text-muted-foreground"[39m
              [36m>[39m
                [0mResponsible party at reporting[0m
              [36m</dt>[39m
              [36m<dd>[39m
                [0mALTERED[0m
              [36m</dd>[39m
            [36m</div>[39m
            [36m<div>[39m
              [36m<dt[39m
                [33mclass[39m=[32m"text-muted-foreground"[39m
              [36m>[39m
                [0mLast action update retained[0m
              [36m</dt>[39m
              [36m<dd>[39m
                [0m2026-09-29T12:34:56+00:00[0m
              [36m</dd>[39m
            [36m</div>[39m
          [36m</dl>[39m
        [36m</article>[39m
      [36m</section>[39m
      [36m<footer[39m
        [33mclass[39m=[32m"mt-10 border-t pt-5 text-xs text-muted-foreground"[39m
      [36m>[39m
        [36m<p>[39m
          [0mGenerated [0m
          [0m2026-10-07[0m
          [0m. Consultation details, confidential notes, and sensitive-location flags are not part of this report.[0m
        [36m</p>[39m
        [36m<p[39m
          [33mclass[39m=[32m"mt-2 break-all"[39m
        [36m>[39m
          [0mReport ID [0m
          [0m23000000-0000-4000-8000-000000000003[0m
        [36m</p>[39m
      [36m</footer>[39m
    [36m</div>[39m
  [36m</div>[39m
[36m</body>[39m
 ❯ Object.getElementError ../../land-use-plan-context-20261007/openplan/node_modules/@testing-library/dom/dist/config.js:37:19
 ❯ ../../land-use-plan-context-20261007/openplan/node_modules/@testing-library/dom/dist/query-helpers.js:76:38
 ❯ ../../land-use-plan-context-20261007/openplan/node_modules/@testing-library/dom/dist/query-helpers.js:52:17
 ❯ ../../land-use-plan-context-20261007/openplan/node_modules/@testing-library/dom/dist/query-helpers.js:95:19
 ❯ src/test/land-use-implementation-report-custody.test.tsx:128:19
    126|   ] as const)("withholds %s without substituting live values", async (…
    127|     change(); await show();
    128|     expect(screen.getByRole("alert")).toHaveTextContent("does not matc…
       |                   ^
    129|     expect(screen.getByRole("alert")).toHaveTextContent("This does not…
    130|     for (const value of ["SYNTHETIC saved action", "SYNTHETIC adopted …

⎯⎯⎯⎯⎯⎯⎯⎯⎯⎯⎯⎯⎯⎯⎯⎯⎯⎯⎯⎯⎯⎯⎯[9/37]⎯

 FAIL  src/test/land-use-implementation-report-custody.test.tsx > implementation report retains verified history > withholds changed reporting start without substituting live values
TestingLibraryElementError: Unable to find an accessible element with the role "alert"

Here are the accessible roles:

  banner:

  Name "":
  [36m<header[39m
    [33mclass[39m=[32m"border-b pb-7"[39m
  [36m/>[39m

  --------------------------------------------------
  paragraph:

  Name "":
  [36m<p[39m
    [33mclass[39m=[32m"text-sm font-semibold uppercase tracking-wide text-muted-foreground"[39m
  [36m/>[39m

  Name "":
  [36m<p[39m
    [33mclass[39m=[32m"mt-3 text-lg"[39m
  [36m/>[39m

  Name "":
  [36m<p[39m
    [33mclass[39m=[32m"mt-1 text-muted-foreground"[39m
  [36m/>[39m

  Name "":
  [36m<p[39m
    [33mclass[39m=[32m"mt-4"[39m
  [36m/>[39m

  Name "":
  [36m<p[39m
    [33mclass[39m=[32m"mt-2"[39m
  [36m/>[39m

  Name "":
  [36m<p[39m
    [33mclass[39m=[32m"mt-2 break-all text-xs text-muted-foreground"[39m
  [36m/>[39m

  Name "":
  [36m<p[39m
    [33mclass[39m=[32m"mt-1 text-sm"[39m
  [36m/>[39m

  Name "":
  [36m<p[39m
    [33mclass[39m=[32m"mt-2"[39m
  [36m/>[39m

  Name "":
  [36m<p />[39m

  Name "":
  [36m<p[39m
    [33mclass[39m=[32m"mt-2 break-all"[39m
  [36m/>[39m

  --------------------------------------------------
  heading:

  Name "SYNTHETIC implementation report":
  [36m<h1[39m
    [33mclass[39m=[32m"mt-2 text-4xl font-semibold"[39m
  [36m/>[39m

  Name "Reporting period":
  [36m<h2[39m
    [33mclass[39m=[32m"text-2xl font-semibold"[39m
  [36m/>[39m

  Name "Frozen action-status snapshot":
  [36m<h2[39m
    [33mclass[39m=[32m"text-2xl font-semibold"[39m
  [36m/>[39m

  Name "SYNTHETIC saved action":
  [36m<h3[39m
    [33mclass[39m=[32m"font-semibold"[39m
  [36m/>[39m

  --------------------------------------------------
  button:

  Name "Print report":
  [36m<button[39m
    [33mclass[39m=[32m"inline-flex items-center justify-center gap-2 whitespace-nowrap border text-sm font-semibold transition-all duration-200 disabled:pointer-events-none disabled:opacity-50 [&_svg]:pointer-events-none [&_svg:not([class*='size-'])]:size-4 shrink-0 [&_svg]:shrink-0 outline-none focus-visible:outline-none focus-visible:ring-3 focus-visible:ring-offset-2 focus-visible:ring-offset-background border-primary/12 bg-primary text-primary-foreground hover:bg-[color:var(--pine-deep)] focus-visible:ring-[color:var(--focus-ring-light)]/45 h-10 px-4.5 py-2 has-[>svg]:px-3.5"[39m
    [33mdata-size[39m=[32m"default"[39m
    [33mdata-slot[39m=[32m"button"[39m
    [33mdata-variant[39m=[32m"default"[39m
  [36m/>[39m

  --------------------------------------------------
  link:

  Name "Download source JSON":
  [36m<a[39m
    [33mclass[39m=[32m"inline-flex items-center justify-center gap-2 whitespace-nowrap border text-sm font-semibold transition-all duration-200 disabled:pointer-events-none disabled:opacity-50 [&_svg]:pointer-events-none [&_svg:not([class*='size-'])]:size-4 shrink-0 [&_svg]:shrink-0 outline-none focus-visible:outline-none focus-visible:ring-3 focus-visible:ring-offset-2 focus-visible:ring-offset-background border-[color:color-mix(in_srgb,var(--line)_84%,var(--ink)_16%)] bg-background text-[color:var(--ink)] hover:border-[color:var(--pine)] hover:bg-[color:color-mix(in_srgb,var(--pine)_8%,var(--background))] hover:text-[color:var(--pine-deep)] focus-visible:ring-[color:var(--focus-ring-light)]/45 h-10 px-4.5 py-2 has-[>svg]:px-3.5"[39m
    [33mdata-size[39m=[32m"default"[39m
    [33mdata-slot[39m=[32m"button"[39m
    [33mdata-variant[39m=[32m"outline"[39m
    [33mdownload[39m=[32m"openplan-report-23000000-0000-4000-8000-000000000003-provenance.json"[39m
    [33mhref[39m=[32m"/api/reports/23000000-0000-4000-8000-000000000003/provenance"[39m
  [36m/>[39m

  Name "Open plan workbench":
  [36m<a[39m
    [33mclass[39m=[32m"inline-flex items-center justify-center gap-2 whitespace-nowrap border text-sm font-semibold transition-all duration-200 disabled:pointer-events-none disabled:opacity-50 [&_svg]:pointer-events-none [&_svg:not([class*='size-'])]:size-4 shrink-0 [&_svg]:shrink-0 outline-none focus-visible:outline-none focus-visible:ring-3 focus-visible:ring-offset-2 focus-visible:ring-offset-background border-[color:color-mix(in_srgb,var(--line)_84%,var(--ink)_16%)] bg-background text-[color:var(--ink)] hover:border-[color:var(--pine)] hover:bg-[color:color-mix(in_srgb,var(--pine)_8%,var(--background))] hover:text-[color:var(--pine-deep)] focus-visible:ring-[color:var(--focus-ring-light)]/45 h-10 px-4.5 py-2 has-[>svg]:px-3.5"[39m
    [33mdata-size[39m=[32m"default"[39m
    [33mdata-slot[39m=[32m"button"[39m
    [33mdata-variant[39m=[32m"outline"[39m
    [33mhref[39m=[32m"/land-use-plans/23000000-0000-4000-8000-000000000001"[39m
  [36m/>[39m

  --------------------------------------------------
  article:

  Name "":
  [36m<article[39m
    [33mclass[39m=[32m"mt-4 rounded-lg border p-4"[39m
  [36m/>[39m

  --------------------------------------------------
  term:

  Name "":
  [36m<dt[39m
    [33mclass[39m=[32m"text-muted-foreground"[39m
  [36m/>[39m

  Name "":
  [36m<dt[39m
    [33mclass[39m=[32m"text-muted-foreground"[39m
  [36m/>[39m

  --------------------------------------------------
  definition:

  Name "":
  [36m<dd />[39m

  Name "":
  [36m<dd />[39m

  --------------------------------------------------
  contentinfo:

  Name "":
  [36m<footer[39m
    [33mclass[39m=[32m"mt-10 border-t pt-5 text-xs text-muted-foreground"[39m
  [36m/>[39m

  --------------------------------------------------

Ignored nodes: comments, script, style
[36m<body>[39m
  [36m<div>[39m
    [36m<div[39m
      [33mclass[39m=[32m"mx-auto min-w-0 w-full max-w-4xl [overflow-wrap:anywhere] p-5 md:p-10 print:max-w-none print:p-0"[39m
    [36m>[39m
      [36m<header[39m
        [33mclass[39m=[32m"border-b pb-7"[39m
      [36m>[39m
        [36m<p[39m
          [33mclass[39m=[32m"text-sm font-semibold uppercase tracking-wide text-muted-foreground"[39m
        [36m>[39m
          [0mImplementation report[0m
        [36m</p>[39m
        [36m<h1[39m
          [33mclass[39m=[32m"mt-2 text-4xl font-semibold"[39m
        [36m>[39m
          [0mSYNTHETIC implementation report[0m
        [36m</h1>[39m
        [36m<p[39m
          [33mclass[39m=[32m"mt-3 text-lg"[39m
        [36m>[39m
          [0mSYNTHETIC later title[0m
        [36m</p>[39m
        [36m<p[39m
          [33mclass[39m=[32m"mt-1 text-muted-foreground"[39m
        [36m>[39m
          [0mSYNTHETIC later authority[0m
          [0m · [0m
          [0mSYNTHETIC later geography[0m
        [36m</p>[39m
        [36m<p[39m
          [33mclass[39m=[32m"mt-4"[39m
        [36m>[39m
          [0mSYNTHETIC later report summary[0m
        [36m</p>[39m
        [36m<div[39m
          [33mclass[39m=[32m"mt-5 flex flex-wrap gap-3 print:hidden"[39m
        [36m>[39m
          [36m<button[39m
            [33mclass[39m=[32m"inline-flex items-center justify-center gap-2 whitespace-nowrap border text-sm font-semibold transition-all duration-200 disabled:pointer-events-none disabled:opacity-50 [&_svg]:pointer-events-none [&_svg:not([class*='size-'])]:size-4 shrink-0 [&_svg]:shrink-0 outline-none focus-visible:outline-none focus-visible:ring-3 focus-visible:ring-offset-2 focus-visible:ring-offset-background border-primary/12 bg-primary text-primary-foreground hover:bg-[color:var(--pine-deep)] focus-visible:ring-[color:var(--focus-ring-light)]/45 h-10 px-4.5 py-2 has-[>svg]:px-3.5"[39m
            [33mdata-size[39m=[32m"default"[39m
            [33mdata-slot[39m=[32m"button"[39m
            [33mdata-variant[39m=[32m"default"[39m
          [36m>[39m
            [0mPrint report[0m
          [36m</button>[39m
          [36m<a[39m
            [33mclass[39m=[32m"inline-flex items-center justify-center gap-2 whitespace-nowrap border text-sm font-semibold transition-all duration-200 disabled:pointer-events-none disabled:opacity-50 [&_svg]:pointer-events-none [&_svg:not([class*='size-'])]:size-4 shrink-0 [&_svg]:shrink-0 outline-none focus-visible:outline-none focus-visible:ring-3 focus-visible:ring-offset-2 focus-visible:ring-offset-background border-[color:color-mix(in_srgb,var(--line)_84%,var(--ink)_16%)] bg-background text-[color:var(--ink)] hover:border-[color:var(--pine)] hover:bg-[color:color-mix(in_srgb,var(--pine)_8%,var(--background))] hover:text-[color:var(--pine-deep)] focus-visible:ring-[color:var(--focus-ring-light)]/45 h-10 px-4.5 py-2 has-[>svg]:px-3.5"[39m
            [33mdata-size[39m=[32m"default"[39m
            [33mdata-slot[39m=[32m"button"[39m
            [33mdata-variant[39m=[32m"outline"[39m
            [33mdownload[39m=[32m"openplan-report-23000000-0000-4000-8000-000000000003-provenance.json"[39m
            [33mhref[39m=[32m"/api/reports/23000000-0000-4000-8000-000000000003/provenance"[39m
          [36m>[39m
            [0mDownload source JSON[0m
          [36m</a>[39m
          [36m<a[39m
            [33mclass[39m=[32m"inline-flex items-center justify-center gap-2 whitespace-nowrap border text-sm font-semibold transition-all duration-200 disabled:pointer-events-none disabled:opacity-50 [&_svg]:pointer-events-none [&_svg:not([class*='size-'])]:size-4 shrink-0 [&_svg]:shrink-0 outline-none focus-visible:outline-none focus-visible:ring-3 focus-visible:ring-offset-2 focus-visible:ring-offset-background border-[color:color-mix(in_srgb,var(--line)_84%,var(--ink)_16%)] bg-background text-[color:var(--ink)] hover:border-[color:var(--pine)] hover:bg-[color:color-mix(in_srgb,var(--pine)_8%,var(--background))] hover:text-[color:var(--pine-deep)] focus-visible:ring-[color:var(--focus-ring-light)]/45 h-10 px-4.5 py-2 has-[>svg]:px-3.5"[39m
            [33mdata-size[39m=[32m"default"[39m
            [33mdata-slot[39m=[32m"button"[39m
            [33mdata-variant[39m=[32m"outline"[39m
            [33mhref[39m=[32m"/land-use-plans/23000000-0000-4000-8000-000000000001"[39m
          [36m>[39m
            [0mOpen plan workbench[0m
          [36m</a>[39m
        [36m</div>[39m
      [36m</header>[39m
      [36m<section[39m
        [33mclass[39m=[32m"mt-8"[39m
      [36m>[39m
        [36m<h2[39m
          [33mclass[39m=[32m"text-2xl font-semibold"[39m
        [36m>[39m
          [0mReporting period[0m
        [36m</h2>[39m
        [36m<p[39m
          [33mclass[39m=[32m"mt-2"[39m
        [36m>[39m
          [0m2026-01-02[0m
          [0m through [0m
          [0m2026-09-30[0m
        [36m</p>[39m
        [36m<p[39m
          [33mclass[39m=[32m"mt-2 break-all text-xs text-muted-foreground"[39m
        [36m>[39m
          [0mAdopted plan hash: [0m
          [0m9e0fff784858b8d8ee2b58d6bd2d1b96fcdd221c31de97d2d858542eef5bdf05[0m
        [36m</p>[39m
      [36m</section>[39m
      [36m<section[39m
        [33mclass[39m=[32m"mt-9 border-t pt-7"[39m
      [36m>[39m
        [36m<h2[39m
          [33mclass[39m=[32m"text-2xl font-semibold"[39m
        [36m>[39m
          [0mFrozen action-status snapshot[0m
        [36m</h2>[39m
        [36m<article[39m
          [33mclass[39m=[32m"mt-4 rounded-lg border p-4"[39m
        [36m>[39m
          [36m<h3[39m
            [33mclass[39m=[32m"font-semibold"[39m
          [36m>[39m
            [0mSYNTHETIC saved action[0m
          [36m</h3>[39m
          [36m<p[39m
            [33mclass[39m=[32m"mt-1 text-sm"[39m
          [36m>[39m
            [0mStatus: [0m
            [0mcompleted[0m
            [0m · due 2026-12-01[0m
          [36m</p>[39m
          [36m<p[39m
            [33mclass[39m=[32m"mt-2"[39m
          [36m>[39m
            [0mRetained implementation detail[0m
          [36m</p>[39m
          [36m<dl[39m
            [33mclass[39m=[32m"mt-3 grid gap-3 text-sm sm:grid-cols-2"[39m
          [36m>[39m
            [36m<div>[39m
              [36m<dt[39m
                [33mclass[39m=[32m"text-muted-foreground"[39m
              [36m>[39m
                [0mResponsible party at reporting[0m
              [36m</dt>[39m
              [36m<dd>[39m
                [0mSYNTHETIC responsible team[0m
              [36m</dd>[39m
            [36m</div>[39m
            [36m<div>[39m
              [36m<dt[39m
                [33mclass[39m=[32m"text-muted-foreground"[39m
              [36m>[39m
                [0mLast action update retained[0m
              [36m</dt>[39m
              [36m<dd>[39m
                [0m2026-09-29T12:34:56+00:00[0m
              [36m</dd>[39m
            [36m</div>[39m
          [36m</dl>[39m
        [36m</article>[39m
      [36m</section>[39m
      [36m<footer[39m
        [33mclass[39m=[32m"mt-10 border-t pt-5 text-xs text-muted-foreground"[39m
      [36m>[39m
        [36m<p>[39m
          [0mGenerated [0m
          [0m2026-10-07[0m
          [0m. Consultation details, confidential notes, and sensitive-location flags are not part of this report.[0m
        [36m</p>[39m
        [36m<p[39m
          [33mclass[39m=[32m"mt-2 break-all"[39m
        [36m>[39m
          [0mReport ID [0m
          [0m23000000-0000-4000-8000-000000000003[0m
        [36m</p>[39m
      [36m</footer>[39m
    [36m</div>[39m
  [36m</div>[39m
[36m</body>[39m
 ❯ Object.getElementError ../../land-use-plan-context-20261007/openplan/node_modules/@testing-library/dom/dist/config.js:37:19
 ❯ ../../land-use-plan-context-20261007/openplan/node_modules/@testing-library/dom/dist/query-helpers.js:76:38
 ❯ ../../land-use-plan-context-20261007/openplan/node_modules/@testing-library/dom/dist/query-helpers.js:52:17
 ❯ ../../land-use-plan-context-20261007/openplan/node_modules/@testing-library/dom/dist/query-helpers.js:95:19
 ❯ src/test/land-use-implementation-report-custody.test.tsx:128:19
    126|   ] as const)("withholds %s without substituting live values", async (…
    127|     change(); await show();
    128|     expect(screen.getByRole("alert")).toHaveTextContent("does not matc…
       |                   ^
    129|     expect(screen.getByRole("alert")).toHaveTextContent("This does not…
    130|     for (const value of ["SYNTHETIC saved action", "SYNTHETIC adopted …

⎯⎯⎯⎯⎯⎯⎯⎯⎯⎯⎯⎯⎯⎯⎯⎯⎯⎯⎯⎯⎯⎯[10/37]⎯

 FAIL  src/test/land-use-implementation-report-custody.test.tsx > implementation report retains verified history > withholds changed reporting end without substituting live values
TestingLibraryElementError: Unable to find an accessible element with the role "alert"

Here are the accessible roles:

  banner:

  Name "":
  [36m<header[39m
    [33mclass[39m=[32m"border-b pb-7"[39m
  [36m/>[39m

  --------------------------------------------------
  paragraph:

  Name "":
  [36m<p[39m
    [33mclass[39m=[32m"text-sm font-semibold uppercase tracking-wide text-muted-foreground"[39m
  [36m/>[39m

  Name "":
  [36m<p[39m
    [33mclass[39m=[32m"mt-3 text-lg"[39m
  [36m/>[39m

  Name "":
  [36m<p[39m
    [33mclass[39m=[32m"mt-1 text-muted-foreground"[39m
  [36m/>[39m

  Name "":
  [36m<p[39m
    [33mclass[39m=[32m"mt-4"[39m
  [36m/>[39m

  Name "":
  [36m<p[39m
    [33mclass[39m=[32m"mt-2"[39m
  [36m/>[39m

  Name "":
  [36m<p[39m
    [33mclass[39m=[32m"mt-2 break-all text-xs text-muted-foreground"[39m
  [36m/>[39m

  Name "":
  [36m<p[39m
    [33mclass[39m=[32m"mt-1 text-sm"[39m
  [36m/>[39m

  Name "":
  [36m<p[39m
    [33mclass[39m=[32m"mt-2"[39m
  [36m/>[39m

  Name "":
  [36m<p />[39m

  Name "":
  [36m<p[39m
    [33mclass[39m=[32m"mt-2 break-all"[39m
  [36m/>[39m

  --------------------------------------------------
  heading:

  Name "SYNTHETIC implementation report":
  [36m<h1[39m
    [33mclass[39m=[32m"mt-2 text-4xl font-semibold"[39m
  [36m/>[39m

  Name "Reporting period":
  [36m<h2[39m
    [33mclass[39m=[32m"text-2xl font-semibold"[39m
  [36m/>[39m

  Name "Frozen action-status snapshot":
  [36m<h2[39m
    [33mclass[39m=[32m"text-2xl font-semibold"[39m
  [36m/>[39m

  Name "SYNTHETIC saved action":
  [36m<h3[39m
    [33mclass[39m=[32m"font-semibold"[39m
  [36m/>[39m

  --------------------------------------------------
  button:

  Name "Print report":
  [36m<button[39m
    [33mclass[39m=[32m"inline-flex items-center justify-center gap-2 whitespace-nowrap border text-sm font-semibold transition-all duration-200 disabled:pointer-events-none disabled:opacity-50 [&_svg]:pointer-events-none [&_svg:not([class*='size-'])]:size-4 shrink-0 [&_svg]:shrink-0 outline-none focus-visible:outline-none focus-visible:ring-3 focus-visible:ring-offset-2 focus-visible:ring-offset-background border-primary/12 bg-primary text-primary-foreground hover:bg-[color:var(--pine-deep)] focus-visible:ring-[color:var(--focus-ring-light)]/45 h-10 px-4.5 py-2 has-[>svg]:px-3.5"[39m
    [33mdata-size[39m=[32m"default"[39m
    [33mdata-slot[39m=[32m"button"[39m
    [33mdata-variant[39m=[32m"default"[39m
  [36m/>[39m

  --------------------------------------------------
  link:

  Name "Download source JSON":
  [36m<a[39m
    [33mclass[39m=[32m"inline-flex items-center justify-center gap-2 whitespace-nowrap border text-sm font-semibold transition-all duration-200 disabled:pointer-events-none disabled:opacity-50 [&_svg]:pointer-events-none [&_svg:not([class*='size-'])]:size-4 shrink-0 [&_svg]:shrink-0 outline-none focus-visible:outline-none focus-visible:ring-3 focus-visible:ring-offset-2 focus-visible:ring-offset-background border-[color:color-mix(in_srgb,var(--line)_84%,var(--ink)_16%)] bg-background text-[color:var(--ink)] hover:border-[color:var(--pine)] hover:bg-[color:color-mix(in_srgb,var(--pine)_8%,var(--background))] hover:text-[color:var(--pine-deep)] focus-visible:ring-[color:var(--focus-ring-light)]/45 h-10 px-4.5 py-2 has-[>svg]:px-3.5"[39m
    [33mdata-size[39m=[32m"default"[39m
    [33mdata-slot[39m=[32m"button"[39m
    [33mdata-variant[39m=[32m"outline"[39m
    [33mdownload[39m=[32m"openplan-report-23000000-0000-4000-8000-000000000003-provenance.json"[39m
    [33mhref[39m=[32m"/api/reports/23000000-0000-4000-8000-000000000003/provenance"[39m
  [36m/>[39m

  Name "Open plan workbench":
  [36m<a[39m
    [33mclass[39m=[32m"inline-flex items-center justify-center gap-2 whitespace-nowrap border text-sm font-semibold transition-all duration-200 disabled:pointer-events-none disabled:opacity-50 [&_svg]:pointer-events-none [&_svg:not([class*='size-'])]:size-4 shrink-0 [&_svg]:shrink-0 outline-none focus-visible:outline-none focus-visible:ring-3 focus-visible:ring-offset-2 focus-visible:ring-offset-background border-[color:color-mix(in_srgb,var(--line)_84%,var(--ink)_16%)] bg-background text-[color:var(--ink)] hover:border-[color:var(--pine)] hover:bg-[color:color-mix(in_srgb,var(--pine)_8%,var(--background))] hover:text-[color:var(--pine-deep)] focus-visible:ring-[color:var(--focus-ring-light)]/45 h-10 px-4.5 py-2 has-[>svg]:px-3.5"[39m
    [33mdata-size[39m=[32m"default"[39m
    [33mdata-slot[39m=[32m"button"[39m
    [33mdata-variant[39m=[32m"outline"[39m
    [33mhref[39m=[32m"/land-use-plans/23000000-0000-4000-8000-000000000001"[39m
  [36m/>[39m

  --------------------------------------------------
  article:

  Name "":
  [36m<article[39m
    [33mclass[39m=[32m"mt-4 rounded-lg border p-4"[39m
  [36m/>[39m

  --------------------------------------------------
  term:

  Name "":
  [36m<dt[39m
    [33mclass[39m=[32m"text-muted-foreground"[39m
  [36m/>[39m

  Name "":
  [36m<dt[39m
    [33mclass[39m=[32m"text-muted-foreground"[39m
  [36m/>[39m

  --------------------------------------------------
  definition:

  Name "":
  [36m<dd />[39m

  Name "":
  [36m<dd />[39m

  --------------------------------------------------
  contentinfo:

  Name "":
  [36m<footer[39m
    [33mclass[39m=[32m"mt-10 border-t pt-5 text-xs text-muted-foreground"[39m
  [36m/>[39m

  --------------------------------------------------

Ignored nodes: comments, script, style
[36m<body>[39m
  [36m<div>[39m
    [36m<div[39m
      [33mclass[39m=[32m"mx-auto min-w-0 w-full max-w-4xl [overflow-wrap:anywhere] p-5 md:p-10 print:max-w-none print:p-0"[39m
    [36m>[39m
      [36m<header[39m
        [33mclass[39m=[32m"border-b pb-7"[39m
      [36m>[39m
        [36m<p[39m
          [33mclass[39m=[32m"text-sm font-semibold uppercase tracking-wide text-muted-foreground"[39m
        [36m>[39m
          [0mImplementation report[0m
        [36m</p>[39m
        [36m<h1[39m
          [33mclass[39m=[32m"mt-2 text-4xl font-semibold"[39m
        [36m>[39m
          [0mSYNTHETIC implementation report[0m
        [36m</h1>[39m
        [36m<p[39m
          [33mclass[39m=[32m"mt-3 text-lg"[39m
        [36m>[39m
          [0mSYNTHETIC later title[0m
        [36m</p>[39m
        [36m<p[39m
          [33mclass[39m=[32m"mt-1 text-muted-foreground"[39m
        [36m>[39m
          [0mSYNTHETIC later authority[0m
          [0m · [0m
          [0mSYNTHETIC later geography[0m
        [36m</p>[39m
        [36m<p[39m
          [33mclass[39m=[32m"mt-4"[39m
        [36m>[39m
          [0mSYNTHETIC later report summary[0m
        [36m</p>[39m
        [36m<div[39m
          [33mclass[39m=[32m"mt-5 flex flex-wrap gap-3 print:hidden"[39m
        [36m>[39m
          [36m<button[39m
            [33mclass[39m=[32m"inline-flex items-center justify-center gap-2 whitespace-nowrap border text-sm font-semibold transition-all duration-200 disabled:pointer-events-none disabled:opacity-50 [&_svg]:pointer-events-none [&_svg:not([class*='size-'])]:size-4 shrink-0 [&_svg]:shrink-0 outline-none focus-visible:outline-none focus-visible:ring-3 focus-visible:ring-offset-2 focus-visible:ring-offset-background border-primary/12 bg-primary text-primary-foreground hover:bg-[color:var(--pine-deep)] focus-visible:ring-[color:var(--focus-ring-light)]/45 h-10 px-4.5 py-2 has-[>svg]:px-3.5"[39m
            [33mdata-size[39m=[32m"default"[39m
            [33mdata-slot[39m=[32m"button"[39m
            [33mdata-variant[39m=[32m"default"[39m
          [36m>[39m
            [0mPrint report[0m
          [36m</button>[39m
          [36m<a[39m
            [33mclass[39m=[32m"inline-flex items-center justify-center gap-2 whitespace-nowrap border text-sm font-semibold transition-all duration-200 disabled:pointer-events-none disabled:opacity-50 [&_svg]:pointer-events-none [&_svg:not([class*='size-'])]:size-4 shrink-0 [&_svg]:shrink-0 outline-none focus-visible:outline-none focus-visible:ring-3 focus-visible:ring-offset-2 focus-visible:ring-offset-background border-[color:color-mix(in_srgb,var(--line)_84%,var(--ink)_16%)] bg-background text-[color:var(--ink)] hover:border-[color:var(--pine)] hover:bg-[color:color-mix(in_srgb,var(--pine)_8%,var(--background))] hover:text-[color:var(--pine-deep)] focus-visible:ring-[color:var(--focus-ring-light)]/45 h-10 px-4.5 py-2 has-[>svg]:px-3.5"[39m
            [33mdata-size[39m=[32m"default"[39m
            [33mdata-slot[39m=[32m"button"[39m
            [33mdata-variant[39m=[32m"outline"[39m
            [33mdownload[39m=[32m"openplan-report-23000000-0000-4000-8000-000000000003-provenance.json"[39m
            [33mhref[39m=[32m"/api/reports/23000000-0000-4000-8000-000000000003/provenance"[39m
          [36m>[39m
            [0mDownload source JSON[0m
          [36m</a>[39m
          [36m<a[39m
            [33mclass[39m=[32m"inline-flex items-center justify-center gap-2 whitespace-nowrap border text-sm font-semibold transition-all duration-200 disabled:pointer-events-none disabled:opacity-50 [&_svg]:pointer-events-none [&_svg:not([class*='size-'])]:size-4 shrink-0 [&_svg]:shrink-0 outline-none focus-visible:outline-none focus-visible:ring-3 focus-visible:ring-offset-2 focus-visible:ring-offset-background border-[color:color-mix(in_srgb,var(--line)_84%,var(--ink)_16%)] bg-background text-[color:var(--ink)] hover:border-[color:var(--pine)] hover:bg-[color:color-mix(in_srgb,var(--pine)_8%,var(--background))] hover:text-[color:var(--pine-deep)] focus-visible:ring-[color:var(--focus-ring-light)]/45 h-10 px-4.5 py-2 has-[>svg]:px-3.5"[39m
            [33mdata-size[39m=[32m"default"[39m
            [33mdata-slot[39m=[32m"button"[39m
            [33mdata-variant[39m=[32m"outline"[39m
            [33mhref[39m=[32m"/land-use-plans/23000000-0000-4000-8000-000000000001"[39m
          [36m>[39m
            [0mOpen plan workbench[0m
          [36m</a>[39m
        [36m</div>[39m
      [36m</header>[39m
      [36m<section[39m
        [33mclass[39m=[32m"mt-8"[39m
      [36m>[39m
        [36m<h2[39m
          [33mclass[39m=[32m"text-2xl font-semibold"[39m
        [36m>[39m
          [0mReporting period[0m
        [36m</h2>[39m
        [36m<p[39m
          [33mclass[39m=[32m"mt-2"[39m
        [36m>[39m
          [0m2026-01-01[0m
          [0m through [0m
          [0m2026-10-01[0m
        [36m</p>[39m
        [36m<p[39m
          [33mclass[39m=[32m"mt-2 break-all text-xs text-muted-foreground"[39m
        [36m>[39m
          [0mAdopted plan hash: [0m
          [0m9e0fff784858b8d8ee2b58d6bd2d1b96fcdd221c31de97d2d858542eef5bdf05[0m
        [36m</p>[39m
      [36m</section>[39m
      [36m<section[39m
        [33mclass[39m=[32m"mt-9 border-t pt-7"[39m
      [36m>[39m
        [36m<h2[39m
          [33mclass[39m=[32m"text-2xl font-semibold"[39m
        [36m>[39m
          [0mFrozen action-status snapshot[0m
        [36m</h2>[39m
        [36m<article[39m
          [33mclass[39m=[32m"mt-4 rounded-lg border p-4"[39m
        [36m>[39m
          [36m<h3[39m
            [33mclass[39m=[32m"font-semibold"[39m
          [36m>[39m
            [0mSYNTHETIC saved action[0m
          [36m</h3>[39m
          [36m<p[39m
            [33mclass[39m=[32m"mt-1 text-sm"[39m
          [36m>[39m
            [0mStatus: [0m
            [0mcompleted[0m
            [0m · due 2026-12-01[0m
          [36m</p>[39m
          [36m<p[39m
            [33mclass[39m=[32m"mt-2"[39m
          [36m>[39m
            [0mRetained implementation detail[0m
          [36m</p>[39m
          [36m<dl[39m
            [33mclass[39m=[32m"mt-3 grid gap-3 text-sm sm:grid-cols-2"[39m
          [36m>[39m
            [36m<div>[39m
              [36m<dt[39m
                [33mclass[39m=[32m"text-muted-foreground"[39m
              [36m>[39m
                [0mResponsible party at reporting[0m
              [36m</dt>[39m
              [36m<dd>[39m
                [0mSYNTHETIC responsible team[0m
              [36m</dd>[39m
            [36m</div>[39m
            [36m<div>[39m
              [36m<dt[39m
                [33mclass[39m=[32m"text-muted-foreground"[39m
              [36m>[39m
                [0mLast action update retained[0m
              [36m</dt>[39m
              [36m<dd>[39m
                [0m2026-09-29T12:34:56+00:00[0m
              [36m</dd>[39m
            [36m</div>[39m
          [36m</dl>[39m
        [36m</article>[39m
      [36m</section>[39m
      [36m<footer[39m
        [33mclass[39m=[32m"mt-10 border-t pt-5 text-xs text-muted-foreground"[39m
      [36m>[39m
        [36m<p>[39m
          [0mGenerated [0m
          [0m2026-10-07[0m
          [0m. Consultation details, confidential notes, and sensitive-location flags are not part of this report.[0m
        [36m</p>[39m
        [36m<p[39m
          [33mclass[39m=[32m"mt-2 break-all"[39m
        [36m>[39m
          [0mReport ID [0m
          [0m23000000-0000-4000-8000-000000000003[0m
        [36m</p>[39m
      [36m</footer>[39m
    [36m</div>[39m
  [36m</div>[39m
[36m</body>[39m
 ❯ Object.getElementError ../../land-use-plan-context-20261007/openplan/node_modules/@testing-library/dom/dist/config.js:37:19
 ❯ ../../land-use-plan-context-20261007/openplan/node_modules/@testing-library/dom/dist/query-helpers.js:76:38
 ❯ ../../land-use-plan-context-20261007/openplan/node_modules/@testing-library/dom/dist/query-helpers.js:52:17
 ❯ ../../land-use-plan-context-20261007/openplan/node_modules/@testing-library/dom/dist/query-helpers.js:95:19
 ❯ src/test/land-use-implementation-report-custody.test.tsx:128:19
    126|   ] as const)("withholds %s without substituting live values", async (…
    127|     change(); await show();
    128|     expect(screen.getByRole("alert")).toHaveTextContent("does not matc…
       |                   ^
    129|     expect(screen.getByRole("alert")).toHaveTextContent("This does not…
    130|     for (const value of ["SYNTHETIC saved action", "SYNTHETIC adopted …

⎯⎯⎯⎯⎯⎯⎯⎯⎯⎯⎯⎯⎯⎯⎯⎯⎯⎯⎯⎯⎯⎯[11/37]⎯

 FAIL  src/test/land-use-implementation-report-custody.test.tsx > implementation report retains verified history > withholds inverted reporting dates without substituting live values
TestingLibraryElementError: Unable to find an accessible element with the role "alert"

Here are the accessible roles:

  banner:

  Name "":
  [36m<header[39m
    [33mclass[39m=[32m"border-b pb-7"[39m
  [36m/>[39m

  --------------------------------------------------
  paragraph:

  Name "":
  [36m<p[39m
    [33mclass[39m=[32m"text-sm font-semibold uppercase tracking-wide text-muted-foreground"[39m
  [36m/>[39m

  Name "":
  [36m<p[39m
    [33mclass[39m=[32m"mt-3 text-lg"[39m
  [36m/>[39m

  Name "":
  [36m<p[39m
    [33mclass[39m=[32m"mt-1 text-muted-foreground"[39m
  [36m/>[39m

  Name "":
  [36m<p[39m
    [33mclass[39m=[32m"mt-4"[39m
  [36m/>[39m

  Name "":
  [36m<p[39m
    [33mclass[39m=[32m"mt-2"[39m
  [36m/>[39m

  Name "":
  [36m<p[39m
    [33mclass[39m=[32m"mt-2 break-all text-xs text-muted-foreground"[39m
  [36m/>[39m

  Name "":
  [36m<p[39m
    [33mclass[39m=[32m"mt-1 text-sm"[39m
  [36m/>[39m

  Name "":
  [36m<p[39m
    [33mclass[39m=[32m"mt-2"[39m
  [36m/>[39m

  Name "":
  [36m<p />[39m

  Name "":
  [36m<p[39m
    [33mclass[39m=[32m"mt-2 break-all"[39m
  [36m/>[39m

  --------------------------------------------------
  heading:

  Name "SYNTHETIC implementation report":
  [36m<h1[39m
    [33mclass[39m=[32m"mt-2 text-4xl font-semibold"[39m
  [36m/>[39m

  Name "Reporting period":
  [36m<h2[39m
    [33mclass[39m=[32m"text-2xl font-semibold"[39m
  [36m/>[39m

  Name "Frozen action-status snapshot":
  [36m<h2[39m
    [33mclass[39m=[32m"text-2xl font-semibold"[39m
  [36m/>[39m

  Name "SYNTHETIC saved action":
  [36m<h3[39m
    [33mclass[39m=[32m"font-semibold"[39m
  [36m/>[39m

  --------------------------------------------------
  button:

  Name "Print report":
  [36m<button[39m
    [33mclass[39m=[32m"inline-flex items-center justify-center gap-2 whitespace-nowrap border text-sm font-semibold transition-all duration-200 disabled:pointer-events-none disabled:opacity-50 [&_svg]:pointer-events-none [&_svg:not([class*='size-'])]:size-4 shrink-0 [&_svg]:shrink-0 outline-none focus-visible:outline-none focus-visible:ring-3 focus-visible:ring-offset-2 focus-visible:ring-offset-background border-primary/12 bg-primary text-primary-foreground hover:bg-[color:var(--pine-deep)] focus-visible:ring-[color:var(--focus-ring-light)]/45 h-10 px-4.5 py-2 has-[>svg]:px-3.5"[39m
    [33mdata-size[39m=[32m"default"[39m
    [33mdata-slot[39m=[32m"button"[39m
    [33mdata-variant[39m=[32m"default"[39m
  [36m/>[39m

  --------------------------------------------------
  link:

  Name "Download source JSON":
  [36m<a[39m
    [33mclass[39m=[32m"inline-flex items-center justify-center gap-2 whitespace-nowrap border text-sm font-semibold transition-all duration-200 disabled:pointer-events-none disabled:opacity-50 [&_svg]:pointer-events-none [&_svg:not([class*='size-'])]:size-4 shrink-0 [&_svg]:shrink-0 outline-none focus-visible:outline-none focus-visible:ring-3 focus-visible:ring-offset-2 focus-visible:ring-offset-background border-[color:color-mix(in_srgb,var(--line)_84%,var(--ink)_16%)] bg-background text-[color:var(--ink)] hover:border-[color:var(--pine)] hover:bg-[color:color-mix(in_srgb,var(--pine)_8%,var(--background))] hover:text-[color:var(--pine-deep)] focus-visible:ring-[color:var(--focus-ring-light)]/45 h-10 px-4.5 py-2 has-[>svg]:px-3.5"[39m
    [33mdata-size[39m=[32m"default"[39m
    [33mdata-slot[39m=[32m"button"[39m
    [33mdata-variant[39m=[32m"outline"[39m
    [33mdownload[39m=[32m"openplan-report-23000000-0000-4000-8000-000000000003-provenance.json"[39m
    [33mhref[39m=[32m"/api/reports/23000000-0000-4000-8000-000000000003/provenance"[39m
  [36m/>[39m

  Name "Open plan workbench":
  [36m<a[39m
    [33mclass[39m=[32m"inline-flex items-center justify-center gap-2 whitespace-nowrap border text-sm font-semibold transition-all duration-200 disabled:pointer-events-none disabled:opacity-50 [&_svg]:pointer-events-none [&_svg:not([class*='size-'])]:size-4 shrink-0 [&_svg]:shrink-0 outline-none focus-visible:outline-none focus-visible:ring-3 focus-visible:ring-offset-2 focus-visible:ring-offset-background border-[color:color-mix(in_srgb,var(--line)_84%,var(--ink)_16%)] bg-background text-[color:var(--ink)] hover:border-[color:var(--pine)] hover:bg-[color:color-mix(in_srgb,var(--pine)_8%,var(--background))] hover:text-[color:var(--pine-deep)] focus-visible:ring-[color:var(--focus-ring-light)]/45 h-10 px-4.5 py-2 has-[>svg]:px-3.5"[39m
    [33mdata-size[39m=[32m"default"[39m
    [33mdata-slot[39m=[32m"button"[39m
    [33mdata-variant[39m=[32m"outline"[39m
    [33mhref[39m=[32m"/land-use-plans/23000000-0000-4000-8000-000000000001"[39m
  [36m/>[39m

  --------------------------------------------------
  article:

  Name "":
  [36m<article[39m
    [33mclass[39m=[32m"mt-4 rounded-lg border p-4"[39m
  [36m/>[39m

  --------------------------------------------------
  term:

  Name "":
  [36m<dt[39m
    [33mclass[39m=[32m"text-muted-foreground"[39m
  [36m/>[39m

  Name "":
  [36m<dt[39m
    [33mclass[39m=[32m"text-muted-foreground"[39m
  [36m/>[39m

  --------------------------------------------------
  definition:

  Name "":
  [36m<dd />[39m

  Name "":
  [36m<dd />[39m

  --------------------------------------------------
  contentinfo:

  Name "":
  [36m<footer[39m
    [33mclass[39m=[32m"mt-10 border-t pt-5 text-xs text-muted-foreground"[39m
  [36m/>[39m

  --------------------------------------------------

Ignored nodes: comments, script, style
[36m<body>[39m
  [36m<div>[39m
    [36m<div[39m
      [33mclass[39m=[32m"mx-auto min-w-0 w-full max-w-4xl [overflow-wrap:anywhere] p-5 md:p-10 print:max-w-none print:p-0"[39m
    [36m>[39m
      [36m<header[39m
        [33mclass[39m=[32m"border-b pb-7"[39m
      [36m>[39m
        [36m<p[39m
          [33mclass[39m=[32m"text-sm font-semibold uppercase tracking-wide text-muted-foreground"[39m
        [36m>[39m
          [0mImplementation report[0m
        [36m</p>[39m
        [36m<h1[39m
          [33mclass[39m=[32m"mt-2 text-4xl font-semibold"[39m
        [36m>[39m
          [0mSYNTHETIC implementation report[0m
        [36m</h1>[39m
        [36m<p[39m
          [33mclass[39m=[32m"mt-3 text-lg"[39m
        [36m>[39m
          [0mSYNTHETIC later title[0m
        [36m</p>[39m
        [36m<p[39m
          [33mclass[39m=[32m"mt-1 text-muted-foreground"[39m
        [36m>[39m
          [0mSYNTHETIC later authority[0m
          [0m · [0m
          [0mSYNTHETIC later geography[0m
        [36m</p>[39m
        [36m<p[39m
          [33mclass[39m=[32m"mt-4"[39m
        [36m>[39m
          [0mSYNTHETIC later report summary[0m
        [36m</p>[39m
        [36m<div[39m
          [33mclass[39m=[32m"mt-5 flex flex-wrap gap-3 print:hidden"[39m
        [36m>[39m
          [36m<button[39m
            [33mclass[39m=[32m"inline-flex items-center justify-center gap-2 whitespace-nowrap border text-sm font-semibold transition-all duration-200 disabled:pointer-events-none disabled:opacity-50 [&_svg]:pointer-events-none [&_svg:not([class*='size-'])]:size-4 shrink-0 [&_svg]:shrink-0 outline-none focus-visible:outline-none focus-visible:ring-3 focus-visible:ring-offset-2 focus-visible:ring-offset-background border-primary/12 bg-primary text-primary-foreground hover:bg-[color:var(--pine-deep)] focus-visible:ring-[color:var(--focus-ring-light)]/45 h-10 px-4.5 py-2 has-[>svg]:px-3.5"[39m
            [33mdata-size[39m=[32m"default"[39m
            [33mdata-slot[39m=[32m"button"[39m
            [33mdata-variant[39m=[32m"default"[39m
          [36m>[39m
            [0mPrint report[0m
          [36m</button>[39m
          [36m<a[39m
            [33mclass[39m=[32m"inline-flex items-center justify-center gap-2 whitespace-nowrap border text-sm font-semibold transition-all duration-200 disabled:pointer-events-none disabled:opacity-50 [&_svg]:pointer-events-none [&_svg:not([class*='size-'])]:size-4 shrink-0 [&_svg]:shrink-0 outline-none focus-visible:outline-none focus-visible:ring-3 focus-visible:ring-offset-2 focus-visible:ring-offset-background border-[color:color-mix(in_srgb,var(--line)_84%,var(--ink)_16%)] bg-background text-[color:var(--ink)] hover:border-[color:var(--pine)] hover:bg-[color:color-mix(in_srgb,var(--pine)_8%,var(--background))] hover:text-[color:var(--pine-deep)] focus-visible:ring-[color:var(--focus-ring-light)]/45 h-10 px-4.5 py-2 has-[>svg]:px-3.5"[39m
            [33mdata-size[39m=[32m"default"[39m
            [33mdata-slot[39m=[32m"button"[39m
            [33mdata-variant[39m=[32m"outline"[39m
            [33mdownload[39m=[32m"openplan-report-23000000-0000-4000-8000-000000000003-provenance.json"[39m
            [33mhref[39m=[32m"/api/reports/23000000-0000-4000-8000-000000000003/provenance"[39m
          [36m>[39m
            [0mDownload source JSON[0m
          [36m</a>[39m
          [36m<a[39m
            [33mclass[39m=[32m"inline-flex items-center justify-center gap-2 whitespace-nowrap border text-sm font-semibold transition-all duration-200 disabled:pointer-events-none disabled:opacity-50 [&_svg]:pointer-events-none [&_svg:not([class*='size-'])]:size-4 shrink-0 [&_svg]:shrink-0 outline-none focus-visible:outline-none focus-visible:ring-3 focus-visible:ring-offset-2 focus-visible:ring-offset-background border-[color:color-mix(in_srgb,var(--line)_84%,var(--ink)_16%)] bg-background text-[color:var(--ink)] hover:border-[color:var(--pine)] hover:bg-[color:color-mix(in_srgb,var(--pine)_8%,var(--background))] hover:text-[color:var(--pine-deep)] focus-visible:ring-[color:var(--focus-ring-light)]/45 h-10 px-4.5 py-2 has-[>svg]:px-3.5"[39m
            [33mdata-size[39m=[32m"default"[39m
            [33mdata-slot[39m=[32m"button"[39m
            [33mdata-variant[39m=[32m"outline"[39m
            [33mhref[39m=[32m"/land-use-plans/23000000-0000-4000-8000-000000000001"[39m
          [36m>[39m
            [0mOpen plan workbench[0m
          [36m</a>[39m
        [36m</div>[39m
      [36m</header>[39m
      [36m<section[39m
        [33mclass[39m=[32m"mt-8"[39m
      [36m>[39m
        [36m<h2[39m
          [33mclass[39m=[32m"text-2xl font-semibold"[39m
        [36m>[39m
          [0mReporting period[0m
        [36m</h2>[39m
        [36m<p[39m
          [33mclass[39m=[32m"mt-2"[39m
        [36m>[39m
          [0m2026-10-01[0m
          [0m through [0m
          [0m2026-09-30[0m
        [36m</p>[39m
        [36m<p[39m
          [33mclass[39m=[32m"mt-2 break-all text-xs text-muted-foreground"[39m
        [36m>[39m
          [0mAdopted plan hash: [0m
          [0m9e0fff784858b8d8ee2b58d6bd2d1b96fcdd221c31de97d2d858542eef5bdf05[0m
        [36m</p>[39m
      [36m</section>[39m
      [36m<section[39m
        [33mclass[39m=[32m"mt-9 border-t pt-7"[39m
      [36m>[39m
        [36m<h2[39m
          [33mclass[39m=[32m"text-2xl font-semibold"[39m
        [36m>[39m
          [0mFrozen action-status snapshot[0m
        [36m</h2>[39m
        [36m<article[39m
          [33mclass[39m=[32m"mt-4 rounded-lg border p-4"[39m
        [36m>[39m
          [36m<h3[39m
            [33mclass[39m=[32m"font-semibold"[39m
          [36m>[39m
            [0mSYNTHETIC saved action[0m
          [36m</h3>[39m
          [36m<p[39m
            [33mclass[39m=[32m"mt-1 text-sm"[39m
          [36m>[39m
            [0mStatus: [0m
            [0mcompleted[0m
            [0m · due 2026-12-01[0m
          [36m</p>[39m
          [36m<p[39m
            [33mclass[39m=[32m"mt-2"[39m
          [36m>[39m
            [0mRetained implementation detail[0m
          [36m</p>[39m
          [36m<dl[39m
            [33mclass[39m=[32m"mt-3 grid gap-3 text-sm sm:grid-cols-2"[39m
          [36m>[39m
            [36m<div>[39m
              [36m<dt[39m
                [33mclass[39m=[32m"text-muted-foreground"[39m
              [36m>[39m
                [0mResponsible party at reporting[0m
              [36m</dt>[39m
              [36m<dd>[39m
                [0mSYNTHETIC responsible team[0m
              [36m</dd>[39m
            [36m</div>[39m
            [36m<div>[39m
              [36m<dt[39m
                [33mclass[39m=[32m"text-muted-foreground"[39m
              [36m>[39m
                [0mLast action update retained[0m
              [36m</dt>[39m
              [36m<dd>[39m
                [0m2026-09-29T12:34:56+00:00[0m
              [36m</dd>[39m
            [36m</div>[39m
          [36m</dl>[39m
        [36m</article>[39m
      [36m</section>[39m
      [36m<footer[39m
        [33mclass[39m=[32m"mt-10 border-t pt-5 text-xs text-muted-foreground"[39m
      [36m>[39m
        [36m<p>[39m
          [0mGenerated [0m
          [0m2026-10-07[0m
          [0m. Consultation details, confidential notes, and sensitive-location flags are not part of this report.[0m
        [36m</p>[39m
        [36m<p[39m
          [33mclass[39m=[32m"mt-2 break-all"[39m
        [36m>[39m
          [0mReport ID [0m
          [0m23000000-0000-4000-8000-000000000003[0m
        [36m</p>[39m
      [36m</footer>[39m
    [36m</div>[39m
  [36m</div>[39m
[36m</body>[39m
 ❯ Object.getElementError ../../land-use-plan-context-20261007/openplan/node_modules/@testing-library/dom/dist/config.js:37:19
 ❯ ../../land-use-plan-context-20261007/openplan/node_modules/@testing-library/dom/dist/query-helpers.js:76:38
 ❯ ../../land-use-plan-context-20261007/openplan/node_modules/@testing-library/dom/dist/query-helpers.js:52:17
 ❯ ../../land-use-plan-context-20261007/openplan/node_modules/@testing-library/dom/dist/query-helpers.js:95:19
 ❯ src/test/land-use-implementation-report-custody.test.tsx:128:19
    126|   ] as const)("withholds %s without substituting live values", async (…
    127|     change(); await show();
    128|     expect(screen.getByRole("alert")).toHaveTextContent("does not matc…
       |                   ^
    129|     expect(screen.getByRole("alert")).toHaveTextContent("This does not…
    130|     for (const value of ["SYNTHETIC saved action", "SYNTHETIC adopted …

⎯⎯⎯⎯⎯⎯⎯⎯⎯⎯⎯⎯⎯⎯⎯⎯⎯⎯⎯⎯⎯⎯[12/37]⎯

 FAIL  src/test/land-use-implementation-report-custody.test.tsx > implementation report retains verified history > withholds invalid status without substituting live values
TestingLibraryElementError: Unable to find an accessible element with the role "alert"

Here are the accessible roles:

  banner:

  Name "":
  [36m<header[39m
    [33mclass[39m=[32m"border-b pb-7"[39m
  [36m/>[39m

  --------------------------------------------------
  paragraph:

  Name "":
  [36m<p[39m
    [33mclass[39m=[32m"text-sm font-semibold uppercase tracking-wide text-muted-foreground"[39m
  [36m/>[39m

  Name "":
  [36m<p[39m
    [33mclass[39m=[32m"mt-3 text-lg"[39m
  [36m/>[39m

  Name "":
  [36m<p[39m
    [33mclass[39m=[32m"mt-1 text-muted-foreground"[39m
  [36m/>[39m

  Name "":
  [36m<p[39m
    [33mclass[39m=[32m"mt-4"[39m
  [36m/>[39m

  Name "":
  [36m<p[39m
    [33mclass[39m=[32m"mt-2"[39m
  [36m/>[39m

  Name "":
  [36m<p[39m
    [33mclass[39m=[32m"mt-2 break-all text-xs text-muted-foreground"[39m
  [36m/>[39m

  Name "":
  [36m<p[39m
    [33mclass[39m=[32m"mt-1 text-sm"[39m
  [36m/>[39m

  Name "":
  [36m<p[39m
    [33mclass[39m=[32m"mt-2"[39m
  [36m/>[39m

  Name "":
  [36m<p />[39m

  Name "":
  [36m<p[39m
    [33mclass[39m=[32m"mt-2 break-all"[39m
  [36m/>[39m

  --------------------------------------------------
  heading:

  Name "SYNTHETIC implementation report":
  [36m<h1[39m
    [33mclass[39m=[32m"mt-2 text-4xl font-semibold"[39m
  [36m/>[39m

  Name "Reporting period":
  [36m<h2[39m
    [33mclass[39m=[32m"text-2xl font-semibold"[39m
  [36m/>[39m

  Name "Frozen action-status snapshot":
  [36m<h2[39m
    [33mclass[39m=[32m"text-2xl font-semibold"[39m
  [36m/>[39m

  Name "SYNTHETIC saved action":
  [36m<h3[39m
    [33mclass[39m=[32m"font-semibold"[39m
  [36m/>[39m

  --------------------------------------------------
  button:

  Name "Print report":
  [36m<button[39m
    [33mclass[39m=[32m"inline-flex items-center justify-center gap-2 whitespace-nowrap border text-sm font-semibold transition-all duration-200 disabled:pointer-events-none disabled:opacity-50 [&_svg]:pointer-events-none [&_svg:not([class*='size-'])]:size-4 shrink-0 [&_svg]:shrink-0 outline-none focus-visible:outline-none focus-visible:ring-3 focus-visible:ring-offset-2 focus-visible:ring-offset-background border-primary/12 bg-primary text-primary-foreground hover:bg-[color:var(--pine-deep)] focus-visible:ring-[color:var(--focus-ring-light)]/45 h-10 px-4.5 py-2 has-[>svg]:px-3.5"[39m
    [33mdata-size[39m=[32m"default"[39m
    [33mdata-slot[39m=[32m"button"[39m
    [33mdata-variant[39m=[32m"default"[39m
  [36m/>[39m

  --------------------------------------------------
  link:

  Name "Download source JSON":
  [36m<a[39m
    [33mclass[39m=[32m"inline-flex items-center justify-center gap-2 whitespace-nowrap border text-sm font-semibold transition-all duration-200 disabled:pointer-events-none disabled:opacity-50 [&_svg]:pointer-events-none [&_svg:not([class*='size-'])]:size-4 shrink-0 [&_svg]:shrink-0 outline-none focus-visible:outline-none focus-visible:ring-3 focus-visible:ring-offset-2 focus-visible:ring-offset-background border-[color:color-mix(in_srgb,var(--line)_84%,var(--ink)_16%)] bg-background text-[color:var(--ink)] hover:border-[color:var(--pine)] hover:bg-[color:color-mix(in_srgb,var(--pine)_8%,var(--background))] hover:text-[color:var(--pine-deep)] focus-visible:ring-[color:var(--focus-ring-light)]/45 h-10 px-4.5 py-2 has-[>svg]:px-3.5"[39m
    [33mdata-size[39m=[32m"default"[39m
    [33mdata-slot[39m=[32m"button"[39m
    [33mdata-variant[39m=[32m"outline"[39m
    [33mdownload[39m=[32m"openplan-report-23000000-0000-4000-8000-000000000003-provenance.json"[39m
    [33mhref[39m=[32m"/api/reports/23000000-0000-4000-8000-000000000003/provenance"[39m
  [36m/>[39m

  Name "Open plan workbench":
  [36m<a[39m
    [33mclass[39m=[32m"inline-flex items-center justify-center gap-2 whitespace-nowrap border text-sm font-semibold transition-all duration-200 disabled:pointer-events-none disabled:opacity-50 [&_svg]:pointer-events-none [&_svg:not([class*='size-'])]:size-4 shrink-0 [&_svg]:shrink-0 outline-none focus-visible:outline-none focus-visible:ring-3 focus-visible:ring-offset-2 focus-visible:ring-offset-background border-[color:color-mix(in_srgb,var(--line)_84%,var(--ink)_16%)] bg-background text-[color:var(--ink)] hover:border-[color:var(--pine)] hover:bg-[color:color-mix(in_srgb,var(--pine)_8%,var(--background))] hover:text-[color:var(--pine-deep)] focus-visible:ring-[color:var(--focus-ring-light)]/45 h-10 px-4.5 py-2 has-[>svg]:px-3.5"[39m
    [33mdata-size[39m=[32m"default"[39m
    [33mdata-slot[39m=[32m"button"[39m
    [33mdata-variant[39m=[32m"outline"[39m
    [33mhref[39m=[32m"/land-use-plans/23000000-0000-4000-8000-000000000001"[39m
  [36m/>[39m

  --------------------------------------------------
  article:

  Name "":
  [36m<article[39m
    [33mclass[39m=[32m"mt-4 rounded-lg border p-4"[39m
  [36m/>[39m

  --------------------------------------------------
  term:

  Name "":
  [36m<dt[39m
    [33mclass[39m=[32m"text-muted-foreground"[39m
  [36m/>[39m

  Name "":
  [36m<dt[39m
    [33mclass[39m=[32m"text-muted-foreground"[39m
  [36m/>[39m

  --------------------------------------------------
  definition:

  Name "":
  [36m<dd />[39m

  Name "":
  [36m<dd />[39m

  --------------------------------------------------
  contentinfo:

  Name "":
  [36m<footer[39m
    [33mclass[39m=[32m"mt-10 border-t pt-5 text-xs text-muted-foreground"[39m
  [36m/>[39m

  --------------------------------------------------

Ignored nodes: comments, script, style
[36m<body>[39m
  [36m<div>[39m
    [36m<div[39m
      [33mclass[39m=[32m"mx-auto min-w-0 w-full max-w-4xl [overflow-wrap:anywhere] p-5 md:p-10 print:max-w-none print:p-0"[39m
    [36m>[39m
      [36m<header[39m
        [33mclass[39m=[32m"border-b pb-7"[39m
      [36m>[39m
        [36m<p[39m
          [33mclass[39m=[32m"text-sm font-semibold uppercase tracking-wide text-muted-foreground"[39m
        [36m>[39m
          [0mImplementation report[0m
        [36m</p>[39m
        [36m<h1[39m
          [33mclass[39m=[32m"mt-2 text-4xl font-semibold"[39m
        [36m>[39m
          [0mSYNTHETIC implementation report[0m
        [36m</h1>[39m
        [36m<p[39m
          [33mclass[39m=[32m"mt-3 text-lg"[39m
        [36m>[39m
          [0mSYNTHETIC later title[0m
        [36m</p>[39m
        [36m<p[39m
          [33mclass[39m=[32m"mt-1 text-muted-foreground"[39m
        [36m>[39m
          [0mSYNTHETIC later authority[0m
          [0m · [0m
          [0mSYNTHETIC later geography[0m
        [36m</p>[39m
        [36m<p[39m
          [33mclass[39m=[32m"mt-4"[39m
        [36m>[39m
          [0mSYNTHETIC later report summary[0m
        [36m</p>[39m
        [36m<div[39m
          [33mclass[39m=[32m"mt-5 flex flex-wrap gap-3 print:hidden"[39m
        [36m>[39m
          [36m<button[39m
            [33mclass[39m=[32m"inline-flex items-center justify-center gap-2 whitespace-nowrap border text-sm font-semibold transition-all duration-200 disabled:pointer-events-none disabled:opacity-50 [&_svg]:pointer-events-none [&_svg:not([class*='size-'])]:size-4 shrink-0 [&_svg]:shrink-0 outline-none focus-visible:outline-none focus-visible:ring-3 focus-visible:ring-offset-2 focus-visible:ring-offset-background border-primary/12 bg-primary text-primary-foreground hover:bg-[color:var(--pine-deep)] focus-visible:ring-[color:var(--focus-ring-light)]/45 h-10 px-4.5 py-2 has-[>svg]:px-3.5"[39m
            [33mdata-size[39m=[32m"default"[39m
            [33mdata-slot[39m=[32m"button"[39m
            [33mdata-variant[39m=[32m"default"[39m
          [36m>[39m
            [0mPrint report[0m
          [36m</button>[39m
          [36m<a[39m
            [33mclass[39m=[32m"inline-flex items-center justify-center gap-2 whitespace-nowrap border text-sm font-semibold transition-all duration-200 disabled:pointer-events-none disabled:opacity-50 [&_svg]:pointer-events-none [&_svg:not([class*='size-'])]:size-4 shrink-0 [&_svg]:shrink-0 outline-none focus-visible:outline-none focus-visible:ring-3 focus-visible:ring-offset-2 focus-visible:ring-offset-background border-[color:color-mix(in_srgb,var(--line)_84%,var(--ink)_16%)] bg-background text-[color:var(--ink)] hover:border-[color:var(--pine)] hover:bg-[color:color-mix(in_srgb,var(--pine)_8%,var(--background))] hover:text-[color:var(--pine-deep)] focus-visible:ring-[color:var(--focus-ring-light)]/45 h-10 px-4.5 py-2 has-[>svg]:px-3.5"[39m
            [33mdata-size[39m=[32m"default"[39m
            [33mdata-slot[39m=[32m"button"[39m
            [33mdata-variant[39m=[32m"outline"[39m
            [33mdownload[39m=[32m"openplan-report-23000000-0000-4000-8000-000000000003-provenance.json"[39m
            [33mhref[39m=[32m"/api/reports/23000000-0000-4000-8000-000000000003/provenance"[39m
          [36m>[39m
            [0mDownload source JSON[0m
          [36m</a>[39m
          [36m<a[39m
            [33mclass[39m=[32m"inline-flex items-center justify-center gap-2 whitespace-nowrap border text-sm font-semibold transition-all duration-200 disabled:pointer-events-none disabled:opacity-50 [&_svg]:pointer-events-none [&_svg:not([class*='size-'])]:size-4 shrink-0 [&_svg]:shrink-0 outline-none focus-visible:outline-none focus-visible:ring-3 focus-visible:ring-offset-2 focus-visible:ring-offset-background border-[color:color-mix(in_srgb,var(--line)_84%,var(--ink)_16%)] bg-background text-[color:var(--ink)] hover:border-[color:var(--pine)] hover:bg-[color:color-mix(in_srgb,var(--pine)_8%,var(--background))] hover:text-[color:var(--pine-deep)] focus-visible:ring-[color:var(--focus-ring-light)]/45 h-10 px-4.5 py-2 has-[>svg]:px-3.5"[39m
            [33mdata-size[39m=[32m"default"[39m
            [33mdata-slot[39m=[32m"button"[39m
            [33mdata-variant[39m=[32m"outline"[39m
            [33mhref[39m=[32m"/land-use-plans/23000000-0000-4000-8000-000000000001"[39m
          [36m>[39m
            [0mOpen plan workbench[0m
          [36m</a>[39m
        [36m</div>[39m
      [36m</header>[39m
      [36m<section[39m
        [33mclass[39m=[32m"mt-8"[39m
      [36m>[39m
        [36m<h2[39m
          [33mclass[39m=[32m"text-2xl font-semibold"[39m
        [36m>[39m
          [0mReporting period[0m
        [36m</h2>[39m
        [36m<p[39m
          [33mclass[39m=[32m"mt-2"[39m
        [36m>[39m
          [0m2026-01-01[0m
          [0m through [0m
          [0m2026-09-30[0m
        [36m</p>[39m
        [36m<p[39m
          [33mclass[39m=[32m"mt-2 break-all text-xs text-muted-foreground"[39m
        [36m>[39m
          [0mAdopted plan hash: [0m
          [0m9e0fff784858b8d8ee2b58d6bd2d1b96fcdd221c31de97d2d858542eef5bdf05[0m
        [36m</p>[39m
      [36m</section>[39m
      [36m<section[39m
        [33mclass[39m=[32m"mt-9 border-t pt-7"[39m
      [36m>[39m
        [36m<h2[39m
          [33mclass[39m=[32m"text-2xl font-semibold"[39m
        [36m>[39m
          [0mFrozen action-status snapshot[0m
        [36m</h2>[39m
        [36m<article[39m
          [33mclass[39m=[32m"mt-4 rounded-lg border p-4"[39m
        [36m>[39m
          [36m<h3[39m
            [33mclass[39m=[32m"font-semibold"[39m
          [36m>[39m
            [0mSYNTHETIC saved action[0m
          [36m</h3>[39m
          [36m<p[39m
            [33mclass[39m=[32m"mt-1 text-sm"[39m
          [36m>[39m
            [0mStatus: [0m
            [0munsupported[0m
            [0m · due 2026-12-01[0m
          [36m</p>[39m
          [36m<p[39m
            [33mclass[39m=[32m"mt-2"[39m
          [36m>[39m
            [0mRetained implementation detail[0m
          [36m</p>[39m
          [36m<dl[39m
            [33mclass[39m=[32m"mt-3 grid gap-3 text-sm sm:grid-cols-2"[39m
          [36m>[39m
            [36m<div>[39m
              [36m<dt[39m
                [33mclass[39m=[32m"text-muted-foreground"[39m
              [36m>[39m
                [0mResponsible party at reporting[0m
              [36m</dt>[39m
              [36m<dd>[39m
                [0mSYNTHETIC responsible team[0m
              [36m</dd>[39m
            [36m</div>[39m
            [36m<div>[39m
              [36m<dt[39m
                [33mclass[39m=[32m"text-muted-foreground"[39m
              [36m>[39m
                [0mLast action update retained[0m
              [36m</dt>[39m
              [36m<dd>[39m
                [0m2026-09-29T12:34:56+00:00[0m
              [36m</dd>[39m
            [36m</div>[39m
          [36m</dl>[39m
        [36m</article>[39m
      [36m</section>[39m
      [36m<footer[39m
        [33mclass[39m=[32m"mt-10 border-t pt-5 text-xs text-muted-foreground"[39m
      [36m>[39m
        [36m<p>[39m
          [0mGenerated [0m
          [0m2026-10-07[0m
          [0m. Consultation details, confidential notes, and sensitive-location flags are not part of this report.[0m
        [36m</p>[39m
        [36m<p[39m
          [33mclass[39m=[32m"mt-2 break-all"[39m
        [36m>[39m
          [0mReport ID [0m
          [0m23000000-0000-4000-8000-000000000003[0m
        [36m</p>[39m
      [36m</footer>[39m
    [36m</div>[39m
  [36m</div>[39m
[36m</body>[39m
 ❯ Object.getElementError ../../land-use-plan-context-20261007/openplan/node_modules/@testing-library/dom/dist/config.js:37:19
 ❯ ../../land-use-plan-context-20261007/openplan/node_modules/@testing-library/dom/dist/query-helpers.js:76:38
 ❯ ../../land-use-plan-context-20261007/openplan/node_modules/@testing-library/dom/dist/query-helpers.js:52:17
 ❯ ../../land-use-plan-context-20261007/openplan/node_modules/@testing-library/dom/dist/query-helpers.js:95:19
 ❯ src/test/land-use-implementation-report-custody.test.tsx:128:19
    126|   ] as const)("withholds %s without substituting live values", async (…
    127|     change(); await show();
    128|     expect(screen.getByRole("alert")).toHaveTextContent("does not matc…
       |                   ^
    129|     expect(screen.getByRole("alert")).toHaveTextContent("This does not…
    130|     for (const value of ["SYNTHETIC saved action", "SYNTHETIC adopted …

⎯⎯⎯⎯⎯⎯⎯⎯⎯⎯⎯⎯⎯⎯⎯⎯⎯⎯⎯⎯⎯⎯[13/37]⎯

 FAIL  src/test/land-use-implementation-report-custody.test.tsx > implementation report retains verified history > withholds invalid update time without substituting live values
TestingLibraryElementError: Unable to find an accessible element with the role "alert"

Here are the accessible roles:

  banner:

  Name "":
  [36m<header[39m
    [33mclass[39m=[32m"border-b pb-7"[39m
  [36m/>[39m

  --------------------------------------------------
  paragraph:

  Name "":
  [36m<p[39m
    [33mclass[39m=[32m"text-sm font-semibold uppercase tracking-wide text-muted-foreground"[39m
  [36m/>[39m

  Name "":
  [36m<p[39m
    [33mclass[39m=[32m"mt-3 text-lg"[39m
  [36m/>[39m

  Name "":
  [36m<p[39m
    [33mclass[39m=[32m"mt-1 text-muted-foreground"[39m
  [36m/>[39m

  Name "":
  [36m<p[39m
    [33mclass[39m=[32m"mt-4"[39m
  [36m/>[39m

  Name "":
  [36m<p[39m
    [33mclass[39m=[32m"mt-2"[39m
  [36m/>[39m

  Name "":
  [36m<p[39m
    [33mclass[39m=[32m"mt-2 break-all text-xs text-muted-foreground"[39m
  [36m/>[39m

  Name "":
  [36m<p[39m
    [33mclass[39m=[32m"mt-1 text-sm"[39m
  [36m/>[39m

  Name "":
  [36m<p[39m
    [33mclass[39m=[32m"mt-2"[39m
  [36m/>[39m

  Name "":
  [36m<p />[39m

  Name "":
  [36m<p[39m
    [33mclass[39m=[32m"mt-2 break-all"[39m
  [36m/>[39m

  --------------------------------------------------
  heading:

  Name "SYNTHETIC implementation report":
  [36m<h1[39m
    [33mclass[39m=[32m"mt-2 text-4xl font-semibold"[39m
  [36m/>[39m

  Name "Reporting period":
  [36m<h2[39m
    [33mclass[39m=[32m"text-2xl font-semibold"[39m
  [36m/>[39m

  Name "Frozen action-status snapshot":
  [36m<h2[39m
    [33mclass[39m=[32m"text-2xl font-semibold"[39m
  [36m/>[39m

  Name "SYNTHETIC saved action":
  [36m<h3[39m
    [33mclass[39m=[32m"font-semibold"[39m
  [36m/>[39m

  --------------------------------------------------
  button:

  Name "Print report":
  [36m<button[39m
    [33mclass[39m=[32m"inline-flex items-center justify-center gap-2 whitespace-nowrap border text-sm font-semibold transition-all duration-200 disabled:pointer-events-none disabled:opacity-50 [&_svg]:pointer-events-none [&_svg:not([class*='size-'])]:size-4 shrink-0 [&_svg]:shrink-0 outline-none focus-visible:outline-none focus-visible:ring-3 focus-visible:ring-offset-2 focus-visible:ring-offset-background border-primary/12 bg-primary text-primary-foreground hover:bg-[color:var(--pine-deep)] focus-visible:ring-[color:var(--focus-ring-light)]/45 h-10 px-4.5 py-2 has-[>svg]:px-3.5"[39m
    [33mdata-size[39m=[32m"default"[39m
    [33mdata-slot[39m=[32m"button"[39m
    [33mdata-variant[39m=[32m"default"[39m
  [36m/>[39m

  --------------------------------------------------
  link:

  Name "Download source JSON":
  [36m<a[39m
    [33mclass[39m=[32m"inline-flex items-center justify-center gap-2 whitespace-nowrap border text-sm font-semibold transition-all duration-200 disabled:pointer-events-none disabled:opacity-50 [&_svg]:pointer-events-none [&_svg:not([class*='size-'])]:size-4 shrink-0 [&_svg]:shrink-0 outline-none focus-visible:outline-none focus-visible:ring-3 focus-visible:ring-offset-2 focus-visible:ring-offset-background border-[color:color-mix(in_srgb,var(--line)_84%,var(--ink)_16%)] bg-background text-[color:var(--ink)] hover:border-[color:var(--pine)] hover:bg-[color:color-mix(in_srgb,var(--pine)_8%,var(--background))] hover:text-[color:var(--pine-deep)] focus-visible:ring-[color:var(--focus-ring-light)]/45 h-10 px-4.5 py-2 has-[>svg]:px-3.5"[39m
    [33mdata-size[39m=[32m"default"[39m
    [33mdata-slot[39m=[32m"button"[39m
    [33mdata-variant[39m=[32m"outline"[39m
    [33mdownload[39m=[32m"openplan-report-23000000-0000-4000-8000-000000000003-provenance.json"[39m
    [33mhref[39m=[32m"/api/reports/23000000-0000-4000-8000-000000000003/provenance"[39m
  [36m/>[39m

  Name "Open plan workbench":
  [36m<a[39m
    [33mclass[39m=[32m"inline-flex items-center justify-center gap-2 whitespace-nowrap border text-sm font-semibold transition-all duration-200 disabled:pointer-events-none disabled:opacity-50 [&_svg]:pointer-events-none [&_svg:not([class*='size-'])]:size-4 shrink-0 [&_svg]:shrink-0 outline-none focus-visible:outline-none focus-visible:ring-3 focus-visible:ring-offset-2 focus-visible:ring-offset-background border-[color:color-mix(in_srgb,var(--line)_84%,var(--ink)_16%)] bg-background text-[color:var(--ink)] hover:border-[color:var(--pine)] hover:bg-[color:color-mix(in_srgb,var(--pine)_8%,var(--background))] hover:text-[color:var(--pine-deep)] focus-visible:ring-[color:var(--focus-ring-light)]/45 h-10 px-4.5 py-2 has-[>svg]:px-3.5"[39m
    [33mdata-size[39m=[32m"default"[39m
    [33mdata-slot[39m=[32m"button"[39m
    [33mdata-variant[39m=[32m"outline"[39m
    [33mhref[39m=[32m"/land-use-plans/23000000-0000-4000-8000-000000000001"[39m
  [36m/>[39m

  --------------------------------------------------
  article:

  Name "":
  [36m<article[39m
    [33mclass[39m=[32m"mt-4 rounded-lg border p-4"[39m
  [36m/>[39m

  --------------------------------------------------
  term:

  Name "":
  [36m<dt[39m
    [33mclass[39m=[32m"text-muted-foreground"[39m
  [36m/>[39m

  Name "":
  [36m<dt[39m
    [33mclass[39m=[32m"text-muted-foreground"[39m
  [36m/>[39m

  --------------------------------------------------
  definition:

  Name "":
  [36m<dd />[39m

  Name "":
  [36m<dd />[39m

  --------------------------------------------------
  contentinfo:

  Name "":
  [36m<footer[39m
    [33mclass[39m=[32m"mt-10 border-t pt-5 text-xs text-muted-foreground"[39m
  [36m/>[39m

  --------------------------------------------------

Ignored nodes: comments, script, style
[36m<body>[39m
  [36m<div>[39m
    [36m<div[39m
      [33mclass[39m=[32m"mx-auto min-w-0 w-full max-w-4xl [overflow-wrap:anywhere] p-5 md:p-10 print:max-w-none print:p-0"[39m
    [36m>[39m
      [36m<header[39m
        [33mclass[39m=[32m"border-b pb-7"[39m
      [36m>[39m
        [36m<p[39m
          [33mclass[39m=[32m"text-sm font-semibold uppercase tracking-wide text-muted-foreground"[39m
        [36m>[39m
          [0mImplementation report[0m
        [36m</p>[39m
        [36m<h1[39m
          [33mclass[39m=[32m"mt-2 text-4xl font-semibold"[39m
        [36m>[39m
          [0mSYNTHETIC implementation report[0m
        [36m</h1>[39m
        [36m<p[39m
          [33mclass[39m=[32m"mt-3 text-lg"[39m
        [36m>[39m
          [0mSYNTHETIC later title[0m
        [36m</p>[39m
        [36m<p[39m
          [33mclass[39m=[32m"mt-1 text-muted-foreground"[39m
        [36m>[39m
          [0mSYNTHETIC later authority[0m
          [0m · [0m
          [0mSYNTHETIC later geography[0m
        [36m</p>[39m
        [36m<p[39m
          [33mclass[39m=[32m"mt-4"[39m
        [36m>[39m
          [0mSYNTHETIC later report summary[0m
        [36m</p>[39m
        [36m<div[39m
          [33mclass[39m=[32m"mt-5 flex flex-wrap gap-3 print:hidden"[39m
        [36m>[39m
          [36m<button[39m
            [33mclass[39m=[32m"inline-flex items-center justify-center gap-2 whitespace-nowrap border text-sm font-semibold transition-all duration-200 disabled:pointer-events-none disabled:opacity-50 [&_svg]:pointer-events-none [&_svg:not([class*='size-'])]:size-4 shrink-0 [&_svg]:shrink-0 outline-none focus-visible:outline-none focus-visible:ring-3 focus-visible:ring-offset-2 focus-visible:ring-offset-background border-primary/12 bg-primary text-primary-foreground hover:bg-[color:var(--pine-deep)] focus-visible:ring-[color:var(--focus-ring-light)]/45 h-10 px-4.5 py-2 has-[>svg]:px-3.5"[39m
            [33mdata-size[39m=[32m"default"[39m
            [33mdata-slot[39m=[32m"button"[39m
            [33mdata-variant[39m=[32m"default"[39m
          [36m>[39m
            [0mPrint report[0m
          [36m</button>[39m
          [36m<a[39m
            [33mclass[39m=[32m"inline-flex items-center justify-center gap-2 whitespace-nowrap border text-sm font-semibold transition-all duration-200 disabled:pointer-events-none disabled:opacity-50 [&_svg]:pointer-events-none [&_svg:not([class*='size-'])]:size-4 shrink-0 [&_svg]:shrink-0 outline-none focus-visible:outline-none focus-visible:ring-3 focus-visible:ring-offset-2 focus-visible:ring-offset-background border-[color:color-mix(in_srgb,var(--line)_84%,var(--ink)_16%)] bg-background text-[color:var(--ink)] hover:border-[color:var(--pine)] hover:bg-[color:color-mix(in_srgb,var(--pine)_8%,var(--background))] hover:text-[color:var(--pine-deep)] focus-visible:ring-[color:var(--focus-ring-light)]/45 h-10 px-4.5 py-2 has-[>svg]:px-3.5"[39m
            [33mdata-size[39m=[32m"default"[39m
            [33mdata-slot[39m=[32m"button"[39m
            [33mdata-variant[39m=[32m"outline"[39m
            [33mdownload[39m=[32m"openplan-report-23000000-0000-4000-8000-000000000003-provenance.json"[39m
            [33mhref[39m=[32m"/api/reports/23000000-0000-4000-8000-000000000003/provenance"[39m
          [36m>[39m
            [0mDownload source JSON[0m
          [36m</a>[39m
          [36m<a[39m
            [33mclass[39m=[32m"inline-flex items-center justify-center gap-2 whitespace-nowrap border text-sm font-semibold transition-all duration-200 disabled:pointer-events-none disabled:opacity-50 [&_svg]:pointer-events-none [&_svg:not([class*='size-'])]:size-4 shrink-0 [&_svg]:shrink-0 outline-none focus-visible:outline-none focus-visible:ring-3 focus-visible:ring-offset-2 focus-visible:ring-offset-background border-[color:color-mix(in_srgb,var(--line)_84%,var(--ink)_16%)] bg-background text-[color:var(--ink)] hover:border-[color:var(--pine)] hover:bg-[color:color-mix(in_srgb,var(--pine)_8%,var(--background))] hover:text-[color:var(--pine-deep)] focus-visible:ring-[color:var(--focus-ring-light)]/45 h-10 px-4.5 py-2 has-[>svg]:px-3.5"[39m
            [33mdata-size[39m=[32m"default"[39m
            [33mdata-slot[39m=[32m"button"[39m
            [33mdata-variant[39m=[32m"outline"[39m
            [33mhref[39m=[32m"/land-use-plans/23000000-0000-4000-8000-000000000001"[39m
          [36m>[39m
            [0mOpen plan workbench[0m
          [36m</a>[39m
        [36m</div>[39m
      [36m</header>[39m
      [36m<section[39m
        [33mclass[39m=[32m"mt-8"[39m
      [36m>[39m
        [36m<h2[39m
          [33mclass[39m=[32m"text-2xl font-semibold"[39m
        [36m>[39m
          [0mReporting period[0m
        [36m</h2>[39m
        [36m<p[39m
          [33mclass[39m=[32m"mt-2"[39m
        [36m>[39m
          [0m2026-01-01[0m
          [0m through [0m
          [0m2026-09-30[0m
        [36m</p>[39m
        [36m<p[39m
          [33mclass[39m=[32m"mt-2 break-all text-xs text-muted-foreground"[39m
        [36m>[39m
          [0mAdopted plan hash: [0m
          [0m9e0fff784858b8d8ee2b58d6bd2d1b96fcdd221c31de97d2d858542eef5bdf05[0m
        [36m</p>[39m
      [36m</section>[39m
      [36m<section[39m
        [33mclass[39m=[32m"mt-9 border-t pt-7"[39m
      [36m>[39m
        [36m<h2[39m
          [33mclass[39m=[32m"text-2xl font-semibold"[39m
        [36m>[39m
          [0mFrozen action-status snapshot[0m
        [36m</h2>[39m
        [36m<article[39m
          [33mclass[39m=[32m"mt-4 rounded-lg border p-4"[39m
        [36m>[39m
          [36m<h3[39m
            [33mclass[39m=[32m"font-semibold"[39m
          [36m>[39m
            [0mSYNTHETIC saved action[0m
          [36m</h3>[39m
          [36m<p[39m
            [33mclass[39m=[32m"mt-1 text-sm"[39m
          [36m>[39m
            [0mStatus: [0m
            [0mcompleted[0m
            [0m · due 2026-12-01[0m
          [36m</p>[39m
          [36m<p[39m
            [33mclass[39m=[32m"mt-2"[39m
          [36m>[39m
            [0mRetained implementation detail[0m
          [36m</p>[39m
          [36m<dl[39m
            [33mclass[39m=[32m"mt-3 grid gap-3 text-sm sm:grid-cols-2"[39m
          [36m>[39m
            [36m<div>[39m
              [36m<dt[39m
                [33mclass[39m=[32m"text-muted-foreground"[39m
              [36m>[39m
                [0mResponsible party at reporting[0m
              [36m</dt>[39m
              [36m<dd>[39m
                [0mSYNTHETIC responsible team[0m
              [36m</dd>[39m
            [36m</div>[39m
            [36m<div>[39m
              [36m<dt[39m
                [33mclass[39m=[32m"text-muted-foreground"[39m
              [36m>[39m
                [0mLast action update retained[0m
              [36m</dt>[39m
              [36m<dd>[39m
                [0munknown[0m
              [36m</dd>[39m
            [36m</div>[39m
          [36m</dl>[39m
        [36m</article>[39m
      [36m</section>[39m
      [36m<footer[39m
        [33mclass[39m=[32m"mt-10 border-t pt-5 text-xs text-muted-foreground"[39m
      [36m>[39m
        [36m<p>[39m
          [0mGenerated [0m
          [0m2026-10-07[0m
          [0m. Consultation details, confidential notes, and sensitive-location flags are not part of this report.[0m
        [36m</p>[39m
        [36m<p[39m
          [33mclass[39m=[32m"mt-2 break-all"[39m
        [36m>[39m
          [0mReport ID [0m
          [0m23000000-0000-4000-8000-000000000003[0m
        [36m</p>[39m
      [36m</footer>[39m
    [36m</div>[39m
  [36m</div>[39m
[36m</body>[39m
 ❯ Object.getElementError ../../land-use-plan-context-20261007/openplan/node_modules/@testing-library/dom/dist/config.js:37:19
 ❯ ../../land-use-plan-context-20261007/openplan/node_modules/@testing-library/dom/dist/query-helpers.js:76:38
 ❯ ../../land-use-plan-context-20261007/openplan/node_modules/@testing-library/dom/dist/query-helpers.js:52:17
 ❯ ../../land-use-plan-context-20261007/openplan/node_modules/@testing-library/dom/dist/query-helpers.js:95:19
 ❯ src/test/land-use-implementation-report-custody.test.tsx:128:19
    126|   ] as const)("withholds %s without substituting live values", async (…
    127|     change(); await show();
    128|     expect(screen.getByRole("alert")).toHaveTextContent("does not matc…
       |                   ^
    129|     expect(screen.getByRole("alert")).toHaveTextContent("This does not…
    130|     for (const value of ["SYNTHETIC saved action", "SYNTHETIC adopted …

⎯⎯⎯⎯⎯⎯⎯⎯⎯⎯⎯⎯⎯⎯⎯⎯⎯⎯⎯⎯⎯⎯[14/37]⎯

 FAIL  src/test/land-use-implementation-report-custody.test.tsx > implementation report retains verified history > withholds missing actions without substituting live values
TestingLibraryElementError: Unable to find an accessible element with the role "alert"

Here are the accessible roles:

  banner:

  Name "":
  [36m<header[39m
    [33mclass[39m=[32m"border-b pb-7"[39m
  [36m/>[39m

  --------------------------------------------------
  paragraph:

  Name "":
  [36m<p[39m
    [33mclass[39m=[32m"text-sm font-semibold uppercase tracking-wide text-muted-foreground"[39m
  [36m/>[39m

  Name "":
  [36m<p[39m
    [33mclass[39m=[32m"mt-3 text-lg"[39m
  [36m/>[39m

  Name "":
  [36m<p[39m
    [33mclass[39m=[32m"mt-1 text-muted-foreground"[39m
  [36m/>[39m

  Name "":
  [36m<p[39m
    [33mclass[39m=[32m"mt-4"[39m
  [36m/>[39m

  Name "":
  [36m<p[39m
    [33mclass[39m=[32m"mt-2"[39m
  [36m/>[39m

  Name "":
  [36m<p[39m
    [33mclass[39m=[32m"mt-2 break-all text-xs text-muted-foreground"[39m
  [36m/>[39m

  Name "":
  [36m<p[39m
    [33mclass[39m=[32m"mt-3"[39m
  [36m/>[39m

  Name "":
  [36m<p />[39m

  Name "":
  [36m<p[39m
    [33mclass[39m=[32m"mt-2 break-all"[39m
  [36m/>[39m

  --------------------------------------------------
  heading:

  Name "SYNTHETIC implementation report":
  [36m<h1[39m
    [33mclass[39m=[32m"mt-2 text-4xl font-semibold"[39m
  [36m/>[39m

  Name "Reporting period":
  [36m<h2[39m
    [33mclass[39m=[32m"text-2xl font-semibold"[39m
  [36m/>[39m

  Name "Frozen action-status snapshot":
  [36m<h2[39m
    [33mclass[39m=[32m"text-2xl font-semibold"[39m
  [36m/>[39m

  --------------------------------------------------
  button:

  Name "Print report":
  [36m<button[39m
    [33mclass[39m=[32m"inline-flex items-center justify-center gap-2 whitespace-nowrap border text-sm font-semibold transition-all duration-200 disabled:pointer-events-none disabled:opacity-50 [&_svg]:pointer-events-none [&_svg:not([class*='size-'])]:size-4 shrink-0 [&_svg]:shrink-0 outline-none focus-visible:outline-none focus-visible:ring-3 focus-visible:ring-offset-2 focus-visible:ring-offset-background border-primary/12 bg-primary text-primary-foreground hover:bg-[color:var(--pine-deep)] focus-visible:ring-[color:var(--focus-ring-light)]/45 h-10 px-4.5 py-2 has-[>svg]:px-3.5"[39m
    [33mdata-size[39m=[32m"default"[39m
    [33mdata-slot[39m=[32m"button"[39m
    [33mdata-variant[39m=[32m"default"[39m
  [36m/>[39m

  --------------------------------------------------
  link:

  Name "Download source JSON":
  [36m<a[39m
    [33mclass[39m=[32m"inline-flex items-center justify-center gap-2 whitespace-nowrap border text-sm font-semibold transition-all duration-200 disabled:pointer-events-none disabled:opacity-50 [&_svg]:pointer-events-none [&_svg:not([class*='size-'])]:size-4 shrink-0 [&_svg]:shrink-0 outline-none focus-visible:outline-none focus-visible:ring-3 focus-visible:ring-offset-2 focus-visible:ring-offset-background border-[color:color-mix(in_srgb,var(--line)_84%,var(--ink)_16%)] bg-background text-[color:var(--ink)] hover:border-[color:var(--pine)] hover:bg-[color:color-mix(in_srgb,var(--pine)_8%,var(--background))] hover:text-[color:var(--pine-deep)] focus-visible:ring-[color:var(--focus-ring-light)]/45 h-10 px-4.5 py-2 has-[>svg]:px-3.5"[39m
    [33mdata-size[39m=[32m"default"[39m
    [33mdata-slot[39m=[32m"button"[39m
    [33mdata-variant[39m=[32m"outline"[39m
    [33mdownload[39m=[32m"openplan-report-23000000-0000-4000-8000-000000000003-provenance.json"[39m
    [33mhref[39m=[32m"/api/reports/23000000-0000-4000-8000-000000000003/provenance"[39m
  [36m/>[39m

  Name "Open plan workbench":
  [36m<a[39m
    [33mclass[39m=[32m"inline-flex items-center justify-center gap-2 whitespace-nowrap border text-sm font-semibold transition-all duration-200 disabled:pointer-events-none disabled:opacity-50 [&_svg]:pointer-events-none [&_svg:not([class*='size-'])]:size-4 shrink-0 [&_svg]:shrink-0 outline-none focus-visible:outline-none focus-visible:ring-3 focus-visible:ring-offset-2 focus-visible:ring-offset-background border-[color:color-mix(in_srgb,var(--line)_84%,var(--ink)_16%)] bg-background text-[color:var(--ink)] hover:border-[color:var(--pine)] hover:bg-[color:color-mix(in_srgb,var(--pine)_8%,var(--background))] hover:text-[color:var(--pine-deep)] focus-visible:ring-[color:var(--focus-ring-light)]/45 h-10 px-4.5 py-2 has-[>svg]:px-3.5"[39m
    [33mdata-size[39m=[32m"default"[39m
    [33mdata-slot[39m=[32m"button"[39m
    [33mdata-variant[39m=[32m"outline"[39m
    [33mhref[39m=[32m"/land-use-plans/23000000-0000-4000-8000-000000000001"[39m
  [36m/>[39m

  --------------------------------------------------
  contentinfo:

  Name "":
  [36m<footer[39m
    [33mclass[39m=[32m"mt-10 border-t pt-5 text-xs text-muted-foreground"[39m
  [36m/>[39m

  --------------------------------------------------

Ignored nodes: comments, script, style
[36m<body>[39m
  [36m<div>[39m
    [36m<div[39m
      [33mclass[39m=[32m"mx-auto min-w-0 w-full max-w-4xl [overflow-wrap:anywhere] p-5 md:p-10 print:max-w-none print:p-0"[39m
    [36m>[39m
      [36m<header[39m
        [33mclass[39m=[32m"border-b pb-7"[39m
      [36m>[39m
        [36m<p[39m
          [33mclass[39m=[32m"text-sm font-semibold uppercase tracking-wide text-muted-foreground"[39m
        [36m>[39m
          [0mImplementation report[0m
        [36m</p>[39m
        [36m<h1[39m
          [33mclass[39m=[32m"mt-2 text-4xl font-semibold"[39m
        [36m>[39m
          [0mSYNTHETIC implementation report[0m
        [36m</h1>[39m
        [36m<p[39m
          [33mclass[39m=[32m"mt-3 text-lg"[39m
        [36m>[39m
          [0mSYNTHETIC later title[0m
        [36m</p>[39m
        [36m<p[39m
          [33mclass[39m=[32m"mt-1 text-muted-foreground"[39m
        [36m>[39m
          [0mSYNTHETIC later authority[0m
          [0m · [0m
          [0mSYNTHETIC later geography[0m
        [36m</p>[39m
        [36m<p[39m
          [33mclass[39m=[32m"mt-4"[39m
        [36m>[39m
          [0mSYNTHETIC later report summary[0m
        [36m</p>[39m
        [36m<div[39m
          [33mclass[39m=[32m"mt-5 flex flex-wrap gap-3 print:hidden"[39m
        [36m>[39m
          [36m<button[39m
            [33mclass[39m=[32m"inline-flex items-center justify-center gap-2 whitespace-nowrap border text-sm font-semibold transition-all duration-200 disabled:pointer-events-none disabled:opacity-50 [&_svg]:pointer-events-none [&_svg:not([class*='size-'])]:size-4 shrink-0 [&_svg]:shrink-0 outline-none focus-visible:outline-none focus-visible:ring-3 focus-visible:ring-offset-2 focus-visible:ring-offset-background border-primary/12 bg-primary text-primary-foreground hover:bg-[color:var(--pine-deep)] focus-visible:ring-[color:var(--focus-ring-light)]/45 h-10 px-4.5 py-2 has-[>svg]:px-3.5"[39m
            [33mdata-size[39m=[32m"default"[39m
            [33mdata-slot[39m=[32m"button"[39m
            [33mdata-variant[39m=[32m"default"[39m
          [36m>[39m
            [0mPrint report[0m
          [36m</button>[39m
          [36m<a[39m
            [33mclass[39m=[32m"inline-flex items-center justify-center gap-2 whitespace-nowrap border text-sm font-semibold transition-all duration-200 disabled:pointer-events-none disabled:opacity-50 [&_svg]:pointer-events-none [&_svg:not([class*='size-'])]:size-4 shrink-0 [&_svg]:shrink-0 outline-none focus-visible:outline-none focus-visible:ring-3 focus-visible:ring-offset-2 focus-visible:ring-offset-background border-[color:color-mix(in_srgb,var(--line)_84%,var(--ink)_16%)] bg-background text-[color:var(--ink)] hover:border-[color:var(--pine)] hover:bg-[color:color-mix(in_srgb,var(--pine)_8%,var(--background))] hover:text-[color:var(--pine-deep)] focus-visible:ring-[color:var(--focus-ring-light)]/45 h-10 px-4.5 py-2 has-[>svg]:px-3.5"[39m
            [33mdata-size[39m=[32m"default"[39m
            [33mdata-slot[39m=[32m"button"[39m
            [33mdata-variant[39m=[32m"outline"[39m
            [33mdownload[39m=[32m"openplan-report-23000000-0000-4000-8000-000000000003-provenance.json"[39m
            [33mhref[39m=[32m"/api/reports/23000000-0000-4000-8000-000000000003/provenance"[39m
          [36m>[39m
            [0mDownload source JSON[0m
          [36m</a>[39m
          [36m<a[39m
            [33mclass[39m=[32m"inline-flex items-center justify-center gap-2 whitespace-nowrap border text-sm font-semibold transition-all duration-200 disabled:pointer-events-none disabled:opacity-50 [&_svg]:pointer-events-none [&_svg:not([class*='size-'])]:size-4 shrink-0 [&_svg]:shrink-0 outline-none focus-visible:outline-none focus-visible:ring-3 focus-visible:ring-offset-2 focus-visible:ring-offset-background border-[color:color-mix(in_srgb,var(--line)_84%,var(--ink)_16%)] bg-background text-[color:var(--ink)] hover:border-[color:var(--pine)] hover:bg-[color:color-mix(in_srgb,var(--pine)_8%,var(--background))] hover:text-[color:var(--pine-deep)] focus-visible:ring-[color:var(--focus-ring-light)]/45 h-10 px-4.5 py-2 has-[>svg]:px-3.5"[39m
            [33mdata-size[39m=[32m"default"[39m
            [33mdata-slot[39m=[32m"button"[39m
            [33mdata-variant[39m=[32m"outline"[39m
            [33mhref[39m=[32m"/land-use-plans/23000000-0000-4000-8000-000000000001"[39m
          [36m>[39m
            [0mOpen plan workbench[0m
          [36m</a>[39m
        [36m</div>[39m
      [36m</header>[39m
      [36m<section[39m
        [33mclass[39m=[32m"mt-8"[39m
      [36m>[39m
        [36m<h2[39m
          [33mclass[39m=[32m"text-2xl font-semibold"[39m
        [36m>[39m
          [0mReporting period[0m
        [36m</h2>[39m
        [36m<p[39m
          [33mclass[39m=[32m"mt-2"[39m
        [36m>[39m
          [0m2026-01-01[0m
          [0m through [0m
          [0m2026-09-30[0m
        [36m</p>[39m
        [36m<p[39m
          [33mclass[39m=[32m"mt-2 break-all text-xs text-muted-foreground"[39m
        [36m>[39m
          [0mAdopted plan hash: [0m
          [0m9e0fff784858b8d8ee2b58d6bd2d1b96fcdd221c31de97d2d858542eef5bdf05[0m
        [36m</p>[39m
      [36m</section>[39m
      [36m<section[39m
        [33mclass[39m=[32m"mt-9 border-t pt-7"[39m
      [36m>[39m
        [36m<h2[39m
          [33mclass[39m=[32m"text-2xl font-semibold"[39m
        [36m>[39m
          [0mFrozen action-status snapshot[0m
        [36m</h2>[39m
        [36m<p[39m
          [33mclass[39m=[32m"mt-3"[39m
        [36m>[39m
          [0mNo implementation actions were present in this frozen report.[0m
        [36m</p>[39m
      [36m</section>[39m
      [36m<footer[39m
        [33mclass[39m=[32m"mt-10 border-t pt-5 text-xs text-muted-foreground"[39m
      [36m>[39m
        [36m<p>[39m
          [0mGenerated [0m
          [0m2026-10-07[0m
          [0m. Consultation details, confidential notes, and sensitive-location flags are not part of this report.[0m
        [36m</p>[39m
        [36m<p[39m
          [33mclass[39m=[32m"mt-2 break-all"[39m
        [36m>[39m
          [0mReport ID [0m
          [0m23000000-0000-4000-8000-000000000003[0m
        [36m</p>[39m
      [36m</footer>[39m
    [36m</div>[39m
  [36m</div>[39m
[36m</body>[39m
 ❯ Object.getElementError ../../land-use-plan-context-20261007/openplan/node_modules/@testing-library/dom/dist/config.js:37:19
 ❯ ../../land-use-plan-context-20261007/openplan/node_modules/@testing-library/dom/dist/query-helpers.js:76:38
 ❯ ../../land-use-plan-context-20261007/openplan/node_modules/@testing-library/dom/dist/query-helpers.js:52:17
 ❯ ../../land-use-plan-context-20261007/openplan/node_modules/@testing-library/dom/dist/query-helpers.js:95:19
 ❯ src/test/land-use-implementation-report-custody.test.tsx:128:19
    126|   ] as const)("withholds %s without substituting live values", async (…
    127|     change(); await show();
    128|     expect(screen.getByRole("alert")).toHaveTextContent("does not matc…
       |                   ^
    129|     expect(screen.getByRole("alert")).toHaveTextContent("This does not…
    130|     for (const value of ["SYNTHETIC saved action", "SYNTHETIC adopted …

⎯⎯⎯⎯⎯⎯⎯⎯⎯⎯⎯⎯⎯⎯⎯⎯⎯⎯⎯⎯⎯⎯[15/37]⎯

 FAIL  src/test/land-use-implementation-report-custody.test.tsx > implementation report retains verified history > withholds invalid frozen context without substituting live values
TestingLibraryElementError: Unable to find an accessible element with the role "alert"

Here are the accessible roles:

  banner:

  Name "":
  [36m<header[39m
    [33mclass[39m=[32m"border-b pb-7"[39m
  [36m/>[39m

  --------------------------------------------------
  paragraph:

  Name "":
  [36m<p[39m
    [33mclass[39m=[32m"text-sm font-semibold uppercase tracking-wide text-muted-foreground"[39m
  [36m/>[39m

  Name "":
  [36m<p[39m
    [33mclass[39m=[32m"mt-3 text-lg"[39m
  [36m/>[39m

  Name "":
  [36m<p[39m
    [33mclass[39m=[32m"mt-1 text-muted-foreground"[39m
  [36m/>[39m

  Name "":
  [36m<p[39m
    [33mclass[39m=[32m"mt-4"[39m
  [36m/>[39m

  Name "":
  [36m<p[39m
    [33mclass[39m=[32m"mt-2"[39m
  [36m/>[39m

  Name "":
  [36m<p[39m
    [33mclass[39m=[32m"mt-2 break-all text-xs text-muted-foreground"[39m
  [36m/>[39m

  Name "":
  [36m<p[39m
    [33mclass[39m=[32m"mt-1 text-sm"[39m
  [36m/>[39m

  Name "":
  [36m<p[39m
    [33mclass[39m=[32m"mt-2"[39m
  [36m/>[39m

  Name "":
  [36m<p />[39m

  Name "":
  [36m<p[39m
    [33mclass[39m=[32m"mt-2 break-all"[39m
  [36m/>[39m

  --------------------------------------------------
  heading:

  Name "SYNTHETIC implementation report":
  [36m<h1[39m
    [33mclass[39m=[32m"mt-2 text-4xl font-semibold"[39m
  [36m/>[39m

  Name "Reporting period":
  [36m<h2[39m
    [33mclass[39m=[32m"text-2xl font-semibold"[39m
  [36m/>[39m

  Name "Frozen action-status snapshot":
  [36m<h2[39m
    [33mclass[39m=[32m"text-2xl font-semibold"[39m
  [36m/>[39m

  Name "SYNTHETIC saved action":
  [36m<h3[39m
    [33mclass[39m=[32m"font-semibold"[39m
  [36m/>[39m

  --------------------------------------------------
  button:

  Name "Print report":
  [36m<button[39m
    [33mclass[39m=[32m"inline-flex items-center justify-center gap-2 whitespace-nowrap border text-sm font-semibold transition-all duration-200 disabled:pointer-events-none disabled:opacity-50 [&_svg]:pointer-events-none [&_svg:not([class*='size-'])]:size-4 shrink-0 [&_svg]:shrink-0 outline-none focus-visible:outline-none focus-visible:ring-3 focus-visible:ring-offset-2 focus-visible:ring-offset-background border-primary/12 bg-primary text-primary-foreground hover:bg-[color:var(--pine-deep)] focus-visible:ring-[color:var(--focus-ring-light)]/45 h-10 px-4.5 py-2 has-[>svg]:px-3.5"[39m
    [33mdata-size[39m=[32m"default"[39m
    [33mdata-slot[39m=[32m"button"[39m
    [33mdata-variant[39m=[32m"default"[39m
  [36m/>[39m

  --------------------------------------------------
  link:

  Name "Download source JSON":
  [36m<a[39m
    [33mclass[39m=[32m"inline-flex items-center justify-center gap-2 whitespace-nowrap border text-sm font-semibold transition-all duration-200 disabled:pointer-events-none disabled:opacity-50 [&_svg]:pointer-events-none [&_svg:not([class*='size-'])]:size-4 shrink-0 [&_svg]:shrink-0 outline-none focus-visible:outline-none focus-visible:ring-3 focus-visible:ring-offset-2 focus-visible:ring-offset-background border-[color:color-mix(in_srgb,var(--line)_84%,var(--ink)_16%)] bg-background text-[color:var(--ink)] hover:border-[color:var(--pine)] hover:bg-[color:color-mix(in_srgb,var(--pine)_8%,var(--background))] hover:text-[color:var(--pine-deep)] focus-visible:ring-[color:var(--focus-ring-light)]/45 h-10 px-4.5 py-2 has-[>svg]:px-3.5"[39m
    [33mdata-size[39m=[32m"default"[39m
    [33mdata-slot[39m=[32m"button"[39m
    [33mdata-variant[39m=[32m"outline"[39m
    [33mdownload[39m=[32m"openplan-report-23000000-0000-4000-8000-000000000003-provenance.json"[39m
    [33mhref[39m=[32m"/api/reports/23000000-0000-4000-8000-000000000003/provenance"[39m
  [36m/>[39m

  Name "Open plan workbench":
  [36m<a[39m
    [33mclass[39m=[32m"inline-flex items-center justify-center gap-2 whitespace-nowrap border text-sm font-semibold transition-all duration-200 disabled:pointer-events-none disabled:opacity-50 [&_svg]:pointer-events-none [&_svg:not([class*='size-'])]:size-4 shrink-0 [&_svg]:shrink-0 outline-none focus-visible:outline-none focus-visible:ring-3 focus-visible:ring-offset-2 focus-visible:ring-offset-background border-[color:color-mix(in_srgb,var(--line)_84%,var(--ink)_16%)] bg-background text-[color:var(--ink)] hover:border-[color:var(--pine)] hover:bg-[color:color-mix(in_srgb,var(--pine)_8%,var(--background))] hover:text-[color:var(--pine-deep)] focus-visible:ring-[color:var(--focus-ring-light)]/45 h-10 px-4.5 py-2 has-[>svg]:px-3.5"[39m
    [33mdata-size[39m=[32m"default"[39m
    [33mdata-slot[39m=[32m"button"[39m
    [33mdata-variant[39m=[32m"outline"[39m
    [33mhref[39m=[32m"/land-use-plans/23000000-0000-4000-8000-000000000001"[39m
  [36m/>[39m

  --------------------------------------------------
  article:

  Name "":
  [36m<article[39m
    [33mclass[39m=[32m"mt-4 rounded-lg border p-4"[39m
  [36m/>[39m

  --------------------------------------------------
  term:

  Name "":
  [36m<dt[39m
    [33mclass[39m=[32m"text-muted-foreground"[39m
  [36m/>[39m

  Name "":
  [36m<dt[39m
    [33mclass[39m=[32m"text-muted-foreground"[39m
  [36m/>[39m

  --------------------------------------------------
  definition:

  Name "":
  [36m<dd />[39m

  Name "":
  [36m<dd />[39m

  --------------------------------------------------
  contentinfo:

  Name "":
  [36m<footer[39m
    [33mclass[39m=[32m"mt-10 border-t pt-5 text-xs text-muted-foreground"[39m
  [36m/>[39m

  --------------------------------------------------

Ignored nodes: comments, script, style
[36m<body>[39m
  [36m<div>[39m
    [36m<div[39m
      [33mclass[39m=[32m"mx-auto min-w-0 w-full max-w-4xl [overflow-wrap:anywhere] p-5 md:p-10 print:max-w-none print:p-0"[39m
    [36m>[39m
      [36m<header[39m
        [33mclass[39m=[32m"border-b pb-7"[39m
      [36m>[39m
        [36m<p[39m
          [33mclass[39m=[32m"text-sm font-semibold uppercase tracking-wide text-muted-foreground"[39m
        [36m>[39m
          [0mImplementation report[0m
        [36m</p>[39m
        [36m<h1[39m
          [33mclass[39m=[32m"mt-2 text-4xl font-semibold"[39m
        [36m>[39m
          [0mSYNTHETIC implementation report[0m
        [36m</h1>[39m
        [36m<p[39m
          [33mclass[39m=[32m"mt-3 text-lg"[39m
        [36m>[39m
          [0mSYNTHETIC later title[0m
        [36m</p>[39m
        [36m<p[39m
          [33mclass[39m=[32m"mt-1 text-muted-foreground"[39m
        [36m>[39m
          [0mSYNTHETIC later authority[0m
          [0m · [0m
          [0mSYNTHETIC later geography[0m
        [36m</p>[39m
        [36m<p[39m
          [33mclass[39m=[32m"mt-4"[39m
        [36m>[39m
          [0mSYNTHETIC later report summary[0m
        [36m</p>[39m
        [36m<div[39m
          [33mclass[39m=[32m"mt-5 flex flex-wrap gap-3 print:hidden"[39m
        [36m>[39m
          [36m<button[39m
            [33mclass[39m=[32m"inline-flex items-center justify-center gap-2 whitespace-nowrap border text-sm font-semibold transition-all duration-200 disabled:pointer-events-none disabled:opacity-50 [&_svg]:pointer-events-none [&_svg:not([class*='size-'])]:size-4 shrink-0 [&_svg]:shrink-0 outline-none focus-visible:outline-none focus-visible:ring-3 focus-visible:ring-offset-2 focus-visible:ring-offset-background border-primary/12 bg-primary text-primary-foreground hover:bg-[color:var(--pine-deep)] focus-visible:ring-[color:var(--focus-ring-light)]/45 h-10 px-4.5 py-2 has-[>svg]:px-3.5"[39m
            [33mdata-size[39m=[32m"default"[39m
            [33mdata-slot[39m=[32m"button"[39m
            [33mdata-variant[39m=[32m"default"[39m
          [36m>[39m
            [0mPrint report[0m
          [36m</button>[39m
          [36m<a[39m
            [33mclass[39m=[32m"inline-flex items-center justify-center gap-2 whitespace-nowrap border text-sm font-semibold transition-all duration-200 disabled:pointer-events-none disabled:opacity-50 [&_svg]:pointer-events-none [&_svg:not([class*='size-'])]:size-4 shrink-0 [&_svg]:shrink-0 outline-none focus-visible:outline-none focus-visible:ring-3 focus-visible:ring-offset-2 focus-visible:ring-offset-background border-[color:color-mix(in_srgb,var(--line)_84%,var(--ink)_16%)] bg-background text-[color:var(--ink)] hover:border-[color:var(--pine)] hover:bg-[color:color-mix(in_srgb,var(--pine)_8%,var(--background))] hover:text-[color:var(--pine-deep)] focus-visible:ring-[color:var(--focus-ring-light)]/45 h-10 px-4.5 py-2 has-[>svg]:px-3.5"[39m
            [33mdata-size[39m=[32m"default"[39m
            [33mdata-slot[39m=[32m"button"[39m
            [33mdata-variant[39m=[32m"outline"[39m
            [33mdownload[39m=[32m"openplan-report-23000000-0000-4000-8000-000000000003-provenance.json"[39m
            [33mhref[39m=[32m"/api/reports/23000000-0000-4000-8000-000000000003/provenance"[39m
          [36m>[39m
            [0mDownload source JSON[0m
          [36m</a>[39m
          [36m<a[39m
            [33mclass[39m=[32m"inline-flex items-center justify-center gap-2 whitespace-nowrap border text-sm font-semibold transition-all duration-200 disabled:pointer-events-none disabled:opacity-50 [&_svg]:pointer-events-none [&_svg:not([class*='size-'])]:size-4 shrink-0 [&_svg]:shrink-0 outline-none focus-visible:outline-none focus-visible:ring-3 focus-visible:ring-offset-2 focus-visible:ring-offset-background border-[color:color-mix(in_srgb,var(--line)_84%,var(--ink)_16%)] bg-background text-[color:var(--ink)] hover:border-[color:var(--pine)] hover:bg-[color:color-mix(in_srgb,var(--pine)_8%,var(--background))] hover:text-[color:var(--pine-deep)] focus-visible:ring-[color:var(--focus-ring-light)]/45 h-10 px-4.5 py-2 has-[>svg]:px-3.5"[39m
            [33mdata-size[39m=[32m"default"[39m
            [33mdata-slot[39m=[32m"button"[39m
            [33mdata-variant[39m=[32m"outline"[39m
            [33mhref[39m=[32m"/land-use-plans/23000000-0000-4000-8000-000000000001"[39m
          [36m>[39m
            [0mOpen plan workbench[0m
          [36m</a>[39m
        [36m</div>[39m
      [36m</header>[39m
      [36m<section[39m
        [33mclass[39m=[32m"mt-8"[39m
      [36m>[39m
        [36m<h2[39m
          [33mclass[39m=[32m"text-2xl font-semibold"[39m
        [36m>[39m
          [0mReporting period[0m
        [36m</h2>[39m
        [36m<p[39m
          [33mclass[39m=[32m"mt-2"[39m
        [36m>[39m
          [0m2026-01-01[0m
          [0m through [0m
          [0m2026-09-30[0m
        [36m</p>[39m
        [36m<p[39m
          [33mclass[39m=[32m"mt-2 break-all text-xs text-muted-foreground"[39m
        [36m>[39m
          [0mAdopted plan hash: [0m
          [0mb5d15b8bd64b2a20ed72484194ae1aec1abf6e2eba3e56afbbca9d914f647c31[0m
        [36m</p>[39m
      [36m</section>[39m
      [36m<section[39m
        [33mclass[39m=[32m"mt-9 border-t pt-7"[39m
      [36m>[39m
        [36m<h2[39m
          [33mclass[39m=[32m"text-2xl font-semibold"[39m
        [36m>[39m
          [0mFrozen action-status snapshot[0m
        [36m</h2>[39m
        [36m<article[39m
          [33mclass[39m=[32m"mt-4 rounded-lg border p-4"[39m
        [36m>[39m
          [36m<h3[39m
            [33mclass[39m=[32m"font-semibold"[39m
          [36m>[39m
            [0mSYNTHETIC saved action[0m
          [36m</h3>[39m
          [36m<p[39m
            [33mclass[39m=[32m"mt-1 text-sm"[39m
          [36m>[39m
            [0mStatus: [0m
            [0mcompleted[0m
            [0m · due 2026-12-01[0m
          [36m</p>[39m
          [36m<p[39m
            [33mclass[39m=[32m"mt-2"[39m
          [36m>[39m
            [0mRetained implementation detail[0m
          [36m</p>[39m
          [36m<dl[39m
            [33mclass[39m=[32m"mt-3 grid gap-3 text-sm sm:grid-cols-2"[39m
          [36m>[39m
            [36m<div>[39m
              [36m<dt[39m
                [33mclass[39m=[32m"text-muted-foreground"[39m
              [36m>[39m
                [0mResponsible party at reporting[0m
              [36m</dt>[39m
              [36m<dd>[39m
                [0mSYNTHETIC responsible team[0m
              [36m</dd>[39m
            [36m</div>[39m
            [36m<div>[39m
              [36m<dt[39m
                [33mclass[39m=[32m"text-muted-foreground"[39m
              [36m>[39m
                [0mLast action update retained[0m
              [36m</dt>[39m
              [36m<dd>[39m
                [0m2026-09-29T12:34:56+00:00[0m
              [36m</dd>[39m
            [36m</div>[39m
          [36m</dl>[39m
        [36m</article>[39m
      [36m</section>[39m
      [36m<footer[39m
        [33mclass[39m=[32m"mt-10 border-t pt-5 text-xs text-muted-foreground"[39m
      [36m>[39m
        [36m<p>[39m
          [0mGenerated [0m
          [0m2026-10-07[0m
          [0m. Consultation details, confidential notes, and sensitive-location flags are not part of this report.[0m
        [36m</p>[39m
        [36m<p[39m
          [33mclass[39m=[32m"mt-2 break-all"[39m
        [36m>[39m
          [0mReport ID [0m
          [0m23000000-0000-4000-8000-000000000003[0m
        [36m</p>[39m
      [36m</footer>[39m
    [36m</div>[39m
  [36m</div>[39m
[36m</body>[39m
 ❯ Object.getElementError ../../land-use-plan-context-20261007/openplan/node_modules/@testing-library/dom/dist/config.js:37:19
 ❯ ../../land-use-plan-context-20261007/openplan/node_modules/@testing-library/dom/dist/query-helpers.js:76:38
 ❯ ../../land-use-plan-context-20261007/openplan/node_modules/@testing-library/dom/dist/query-helpers.js:52:17
 ❯ ../../land-use-plan-context-20261007/openplan/node_modules/@testing-library/dom/dist/query-helpers.js:95:19
 ❯ src/test/land-use-implementation-report-custody.test.tsx:128:19
    126|   ] as const)("withholds %s without substituting live values", async (…
    127|     change(); await show();
    128|     expect(screen.getByRole("alert")).toHaveTextContent("does not matc…
       |                   ^
    129|     expect(screen.getByRole("alert")).toHaveTextContent("This does not…
    130|     for (const value of ["SYNTHETIC saved action", "SYNTHETIC adopted …

⎯⎯⎯⎯⎯⎯⎯⎯⎯⎯⎯⎯⎯⎯⎯⎯⎯⎯⎯⎯⎯⎯[16/37]⎯


 Test Files  1 failed (1)
      Tests  37 failed | 4 passed (41)
   Start at  12:58:13
   Duration  3.14s (transform 166ms, setup 56ms, import 369ms, tests 2.30s, environment 325ms)

