{
  "network_bbox": [
    -121.31722255259845,
    38.97617449275362,
    -119.96633444740155,
    39.55590550724637
  ],
  "zones_connected": 26,
  "nodes_before_centroids": 24717,
  "links_before_centroids": 28314,
  "largest_component_pct": 95.97,
  "project_dir": "/home/nathaniel/.openclaw/workspace/openplan/data/screening-runs/nevada-county-runtime-validation-20260324/work/aeq_project",
  "centroid_map": {
    "1": 24718,
    "2": 24719,
    "3": 24720,
    "4": 24721,
    "5": 24722,
    "6": 24723,
    "7": 24724,
    "8": 24725,
    "9": 24726,
    "10": 24727,
    "11": 24728,
    "12": 24729,
    "13": 24730,
    "14": 24731,
    "15": 24732,
    "16": 24733,
    "17": 24734,
    "18": 24735,
    "19": 24736,
    "20": 24737,
    "21": 24738,
    "22": 24739,
    "23": 24740,
    "24": 24741,
    "25": 24742,
    "26": 24743
  }
}